id,name,iso3,numeric_code,iso2,phone_code,capital,currency,currency_name,currency_symbol,tld,native,region,subregion,nationality,timezones,translations,latitude,longitude,emoji,emoji_u,created_at,updated_at,flag,wiki_data_id,is_signup_enabled,is_serviced
199,Singapore,SGP,702,SG,65,Singapur,SGD,Singapore dollar,$,.sg,Singapore,Asia,South-Eastern Asia,Singaporean,"[{""tzName"": ""Singapore Time"", ""zoneName"": ""Asia/Singapore"", ""gmtOffset"": 28800, ""abbreviation"": ""SGT"", ""gmtOffsetName"": ""UTC+08:00""}]","{""de"": ""Singapur"", ""es"": ""Singapur"", ""fa"": ""سنگاپور"", ""fr"": ""Singapour"", ""hr"": ""Singapur"", ""it"": ""Singapore"", ""ja"": ""シンガポール"", ""ko"": ""싱가포르"", ""nl"": ""Singapore"", ""pl"": ""Singapur"", ""pt"": ""Singapura"", ""ru"": ""Сингапур"", ""tr"": ""Singapur"", ""uk"": ""Сінгапур"", ""pt-BR"": ""Singapura"", ""zh-CN"": ""新加坡""}",1.36666666,103.80000000,🇸🇬,U+1F1F8 U+1F1EC,2018-07-21T12:41:03,2025-08-28T09:50:52.623,1,Q334,true,true
20,Barbados,BRB,052,BB,1,Bridgetown,BBD,Barbadian dollar,Bds$,.bb,Barbados,Americas,Caribbean,Barbadian,"[{""tzName"": ""Atlantic Standard Time"", ""zoneName"": ""America/Barbados"", ""gmtOffset"": -14400, ""abbreviation"": ""AST"", ""gmtOffsetName"": ""UTC-04:00""}]","{""de"": ""Barbados"", ""es"": ""Barbados"", ""fa"": ""باربادوس"", ""fr"": ""Barbade"", ""hr"": ""Barbados"", ""it"": ""Barbados"", ""ja"": ""バルバドス"", ""ko"": ""바베이도스"", ""nl"": ""Barbados"", ""pl"": ""Barbados"", ""pt"": ""Barbados"", ""ru"": ""Барбадос"", ""tr"": ""Barbados"", ""uk"": ""Барбадос"", ""pt-BR"": ""Barbados"", ""zh-CN"": ""巴巴多斯""}",13.16666666,-59.53333333,🇧🇧,U+1F1E7 U+1F1E7,2018-07-21T12:41:03,2024-09-05T16:47:03,1,Q244,false,false
1,Afghanistan,AFG,004,AF,93,Kabul,AFN,Afghan afghani,؋,.af,افغانستان,Asia,Southern Asia,Afghan,"[{""tzName"": ""Afghanistan Time"", ""zoneName"": ""Asia/Kabul"", ""gmtOffset"": 16200, ""abbreviation"": ""AFT"", ""gmtOffsetName"": ""UTC+04:30""}]","{""de"": ""Afghanistan"", ""es"": ""Afganistán"", ""fa"": ""افغانستان"", ""fr"": ""Afghanistan"", ""hr"": ""Afganistan"", ""it"": ""Afghanistan"", ""ja"": ""アフガニスタン"", ""ko"": ""아프가니스탄"", ""nl"": ""Afghanistan"", ""pl"": ""Afganistan"", ""pt"": ""Afeganistão"", ""ru"": ""Афганистан"", ""tr"": ""Afganistan"", ""uk"": ""Афганістан"", ""pt-BR"": ""Afeganistão"", ""zh-CN"": ""阿富汗""}",33.00000000,65.00000000,🇦🇫,U+1F1E6 U+1F1EB,2018-07-21T12:41:03,2023-08-09T02:34:58,1,Q889,false,false
2,Aland Islands,ALA,248,AX,358,Mariehamn,EUR,Euro,€,.ax,Åland,Europe,Northern Europe,Aland Island,"[{""tzName"": ""Eastern European Time"", ""zoneName"": ""Europe/Mariehamn"", ""gmtOffset"": 7200, ""abbreviation"": ""EET"", ""gmtOffsetName"": ""UTC+02:00""}]","{""de"": ""Åland"", ""es"": ""Alandia"", ""fa"": ""جزایر الند"", ""fr"": ""Åland"", ""hr"": ""Ålandski otoci"", ""it"": ""Isole Aland"", ""ja"": ""オーランド諸島"", ""ko"": ""올란드 제도"", ""nl"": ""Ålandeilanden"", ""pl"": ""Wyspy Alandzkie"", ""pt"": ""Ilhas de Aland"", ""ru"": ""Аландские острова"", ""tr"": ""Åland Adalari"", ""uk"": ""Аландські острови"", ""pt-BR"": ""Ilhas de Aland"", ""zh-CN"": ""奥兰群岛""}",60.11666700,19.90000000,🇦🇽,U+1F1E6 U+1F1FD,2018-07-21T12:41:03,2024-12-19T20:22:33,1,Q5689,false,false
3,Albania,ALB,008,AL,355,Tirana,ALL,Albanian lek,Lek,.al,Shqipëria,Europe,Southern Europe,Albanian ,"[{""tzName"": ""Central European Time"", ""zoneName"": ""Europe/Tirane"", ""gmtOffset"": 3600, ""abbreviation"": ""CET"", ""gmtOffsetName"": ""UTC+01:00""}]","{""de"": ""Albanien"", ""es"": ""Albania"", ""fa"": ""آلبانی"", ""fr"": ""Albanie"", ""hr"": ""Albanija"", ""it"": ""Albania"", ""ja"": ""アルバニア"", ""ko"": ""알바니아"", ""nl"": ""Albanië"", ""pl"": ""Albania"", ""pt"": ""Albânia"", ""ru"": ""Албания"", ""tr"": ""Arnavutluk"", ""uk"": ""Албанія"", ""pt-BR"": ""Albânia"", ""zh-CN"": ""阿尔巴尼亚""}",41.00000000,20.00000000,🇦🇱,U+1F1E6 U+1F1F1,2018-07-21T12:41:03,2023-08-09T02:34:58,1,Q222,false,false
4,Algeria,DZA,012,DZ,213,Algiers,DZD,Algerian dinar,دج,.dz,الجزائر,Africa,Northern Africa,Algerian,"[{""tzName"": ""Central European Time"", ""zoneName"": ""Africa/Algiers"", ""gmtOffset"": 3600, ""abbreviation"": ""CET"", ""gmtOffsetName"": ""UTC+01:00""}]","{""de"": ""Algerien"", ""es"": ""Argelia"", ""fa"": ""الجزایر"", ""fr"": ""Algérie"", ""hr"": ""Alžir"", ""it"": ""Algeria"", ""ja"": ""アルジェリア"", ""ko"": ""알제리"", ""nl"": ""Algerije"", ""pl"": ""Algieria"", ""pt"": ""Argélia"", ""ru"": ""Алжир"", ""tr"": ""Cezayir"", ""uk"": ""Алжир"", ""pt-BR"": ""Argélia"", ""zh-CN"": ""阿尔及利亚""}",28.00000000,3.00000000,🇩🇿,U+1F1E9 U+1F1FF,2018-07-21T12:41:03,2023-08-09T02:34:58,1,Q262,false,false
5,American Samoa,ASM,016,AS,1,Pago Pago,USD,United States dollar,$,.as,American Samoa,Oceania,Polynesia,American Samoan,"[{""tzName"": ""Samoa Standard Time"", ""zoneName"": ""Pacific/Pago_Pago"", ""gmtOffset"": -39600, ""abbreviation"": ""SST"", ""gmtOffsetName"": ""UTC-11:00""}]","{""de"": ""Amerikanisch-Samoa"", ""es"": ""Samoa Americana"", ""fa"": ""ساموآی آمریکا"", ""fr"": ""Samoa américaines"", ""hr"": ""Američka Samoa"", ""it"": ""Samoa Americane"", ""ja"": ""アメリカ領サモア"", ""ko"": ""아메리칸사모아"", ""nl"": ""Amerikaans Samoa"", ""pl"": ""Samoa Amerykańskie"", ""pt"": ""Samoa Americana"", ""ru"": ""Американское Самоа"", ""tr"": ""Amerikan Samoasi"", ""uk"": ""Американське Самоа"", ""pt-BR"": ""Samoa Americana"", ""zh-CN"": ""美属萨摩亚""}",-14.33333333,-170.00000000,🇦🇸,U+1F1E6 U+1F1F8,2018-07-21T12:41:03,2024-12-23T15:33:12,1,Q16641,false,false
6,Andorra,AND,020,AD,376,Andorra la Vella,EUR,Euro,€,.ad,Andorra,Europe,Southern Europe,Andorran,"[{""tzName"": ""Central European Time"", ""zoneName"": ""Europe/Andorra"", ""gmtOffset"": 3600, ""abbreviation"": ""CET"", ""gmtOffsetName"": ""UTC+01:00""}]","{""de"": ""Andorra"", ""es"": ""Andorra"", ""fa"": ""آندورا"", ""fr"": ""Andorre"", ""hr"": ""Andora"", ""it"": ""Andorra"", ""ja"": ""アンドラ"", ""ko"": ""안도라"", ""nl"": ""Andorra"", ""pl"": ""Andora"", ""pt"": ""Andorra"", ""ru"": ""Андорра"", ""tr"": ""Andorra"", ""uk"": ""Андорра"", ""pt-BR"": ""Andorra"", ""zh-CN"": ""安道尔""}",42.50000000,1.50000000,🇦🇩,U+1F1E6 U+1F1E9,2018-07-21T12:41:03,2023-08-09T02:34:58,1,Q228,false,false
7,Angola,AGO,024,AO,244,Luanda,AOA,Angolan kwanza,Kz,.ao,Angola,Africa,Middle Africa,Angolan,"[{""tzName"": ""West Africa Time"", ""zoneName"": ""Africa/Luanda"", ""gmtOffset"": 3600, ""abbreviation"": ""WAT"", ""gmtOffsetName"": ""UTC+01:00""}]","{""de"": ""Angola"", ""es"": ""Angola"", ""fa"": ""آنگولا"", ""fr"": ""Angola"", ""hr"": ""Angola"", ""it"": ""Angola"", ""ja"": ""アンゴラ"", ""ko"": ""앙골라"", ""nl"": ""Angola"", ""pl"": ""Angola"", ""pt"": ""Angola"", ""ru"": ""Ангола"", ""tr"": ""Angola"", ""uk"": ""Ангола"", ""pt-BR"": ""Angola"", ""zh-CN"": ""安哥拉""}",-12.50000000,18.50000000,🇦🇴,U+1F1E6 U+1F1F4,2018-07-21T12:41:03,2023-08-09T02:34:58,1,Q916,false,false
8,Anguilla,AIA,660,AI,1,The Valley,XCD,Eastern Caribbean dollar,$,.ai,Anguilla,Americas,Caribbean,Anguillan,"[{""tzName"": ""Atlantic Standard Time"", ""zoneName"": ""America/Anguilla"", ""gmtOffset"": -14400, ""abbreviation"": ""AST"", ""gmtOffsetName"": ""UTC-04:00""}]","{""de"": ""Anguilla"", ""es"": ""Anguilla"", ""fa"": ""آنگویلا"", ""fr"": ""Anguilla"", ""hr"": ""Angvila"", ""it"": ""Anguilla"", ""ja"": ""アンギラ"", ""ko"": ""앵귈라"", ""nl"": ""Anguilla"", ""pl"": ""Anguilla"", ""pt"": ""Anguila"", ""ru"": ""Ангилья"", ""tr"": ""Anguilla"", ""uk"": ""Ангілья"", ""pt-BR"": ""Anguila"", ""zh-CN"": ""安圭拉""}",18.25000000,-63.16666666,🇦🇮,U+1F1E6 U+1F1EE,2018-07-21T12:41:03,2024-12-23T15:33:12,1,Q25228,false,false
9,Antarctica,ATA,010,AQ,672,,AAD,Antarctican dollar,$,.aq,Antarctica,Polar,,Antarctic,"[{""tzName"": ""Australian Western Standard Time"", ""zoneName"": ""Antarctica/Casey"", ""gmtOffset"": 39600, ""abbreviation"": ""AWST"", ""gmtOffsetName"": ""UTC+11:00""}, {""tzName"": ""Davis Time"", ""zoneName"": ""Antarctica/Davis"", ""gmtOffset"": 25200, ""abbreviation"": ""DAVT"", ""gmtOffsetName"": ""UTC+07:00""}, {""tzName"": ""Dumont d'Urville Time"", ""zoneName"": ""Antarctica/DumontDUrville"", ""gmtOffset"": 36000, ""abbreviation"": ""DDUT"", ""gmtOffsetName"": ""UTC+10:00""}, {""tzName"": ""Mawson Station Time"", ""zoneName"": ""Antarctica/Mawson"", ""gmtOffset"": 18000, ""abbreviation"": ""MAWT"", ""gmtOffsetName"": ""UTC+05:00""}, {""tzName"": ""New Zealand Daylight Time"", ""zoneName"": ""Antarctica/McMurdo"", ""gmtOffset"": 46800, ""abbreviation"": ""NZDT"", ""gmtOffsetName"": ""UTC+13:00""}, {""tzName"": ""Chile Summer Time"", ""zoneName"": ""Antarctica/Palmer"", ""gmtOffset"": -10800, ""abbreviation"": ""CLST"", ""gmtOffsetName"": ""UTC-03:00""}, {""tzName"": ""Rothera Research Station Time"", ""zoneName"": ""Antarctica/Rothera"", ""gmtOffset"": -10800, ""abbreviation"": ""ROTT"", ""gmtOffsetName"": ""UTC-03:00""}, {""tzName"": ""Showa Station Time"", ""zoneName"": ""Antarctica/Syowa"", ""gmtOffset"": 10800, ""abbreviation"": ""SYOT"", ""gmtOffsetName"": ""UTC+03:00""}, {""tzName"": ""Greenwich Mean Time"", ""zoneName"": ""Antarctica/Troll"", ""gmtOffset"": 0, ""abbreviation"": ""GMT"", ""gmtOffsetName"": ""UTC±00""}, {""tzName"": ""Vostok Station Time"", ""zoneName"": ""Antarctica/Vostok"", ""gmtOffset"": 21600, ""abbreviation"": ""VOST"", ""gmtOffsetName"": ""UTC+06:00""}]","{""de"": ""Antarktika"", ""es"": ""Antártida"", ""fa"": ""جنوبگان"", ""fr"": ""Antarctique"", ""hr"": ""Antarktika"", ""it"": ""Antartide"", ""ja"": ""南極大陸"", ""ko"": ""남극"", ""nl"": ""Antarctica"", ""pl"": ""Antarktyda"", ""pt"": ""Antárctida"", ""ru"": ""Антарктида"", ""tr"": ""Antartika"", ""uk"": ""Антарктида"", ""pt-BR"": ""Antártida"", ""zh-CN"": ""南极洲""}",-74.65000000,4.48000000,🇦🇶,U+1F1E6 U+1F1F6,2018-07-21T12:41:03,2024-12-19T20:27:53,1,Q51,false,false
74,Finland,FIN,246,FI,358,Helsinki,EUR,Euro,€,.fi,Suomi,Europe,Northern Europe,Finnish,"[{""tzName"": ""Eastern European Time"", ""zoneName"": ""Europe/Helsinki"", ""gmtOffset"": 7200, ""abbreviation"": ""EET"", ""gmtOffsetName"": ""UTC+02:00""}]","{""de"": ""Finnland"", ""es"": ""Finlandia"", ""fa"": ""فنلاند"", ""fr"": ""Finlande"", ""hr"": ""Finska"", ""it"": ""Finlandia"", ""ja"": ""フィンランド"", ""ko"": ""핀란드"", ""nl"": ""Finland"", ""pl"": ""Finlandia"", ""pt"": ""Finlândia"", ""ru"": ""Финляндия"", ""tr"": ""Finlandiya"", ""uk"": ""Фінляндія"", ""pt-BR"": ""Finlândia"", ""zh-CN"": ""芬兰""}",64.00000000,26.00000000,🇫🇮,U+1F1EB U+1F1EE,2018-07-21T12:41:03,2023-08-09T02:34:58,1,Q33,false,false
10,Antigua and Barbuda,ATG,028,AG,1,St. John's,XCD,Eastern Caribbean dollar,$,.ag,Antigua and Barbuda,Americas,Caribbean,Antiguan or Barbudan,"[{""tzName"": ""Atlantic Standard Time"", ""zoneName"": ""America/Antigua"", ""gmtOffset"": -14400, ""abbreviation"": ""AST"", ""gmtOffsetName"": ""UTC-04:00""}]","{""de"": ""Antigua und Barbuda"", ""es"": ""Antigua y Barbuda"", ""fa"": ""آنتیگوا و باربودا"", ""fr"": ""Antigua-et-Barbuda"", ""hr"": ""Antigva i Barbuda"", ""it"": ""Antigua e Barbuda"", ""ja"": ""アンティグア・バーブーダ"", ""ko"": ""앤티가 바부다"", ""nl"": ""Antigua en Barbuda"", ""pl"": ""Antigua i Barbuda"", ""pt"": ""Antígua e Barbuda"", ""ru"": ""Антигуа и Барбуда"", ""tr"": ""Antigua Ve Barbuda"", ""uk"": ""Антигуа і Барбуда"", ""pt-BR"": ""Antígua e Barbuda"", ""zh-CN"": ""安提瓜和巴布达""}",17.05000000,-61.80000000,🇦🇬,U+1F1E6 U+1F1EC,2018-07-21T12:41:03,2024-09-05T16:47:03,1,Q781,false,false
11,Argentina,ARG,032,AR,54,Buenos Aires,ARS,Argentine peso,$,.ar,Argentina,Americas,South America,Argentine,"[{""tzName"": ""Argentina Time"", ""zoneName"": ""America/Argentina/Buenos_Aires"", ""gmtOffset"": -10800, ""abbreviation"": ""ART"", ""gmtOffsetName"": ""UTC-03:00""}, {""tzName"": ""Argentina Time"", ""zoneName"": ""America/Argentina/Catamarca"", ""gmtOffset"": -10800, ""abbreviation"": ""ART"", ""gmtOffsetName"": ""UTC-03:00""}, {""tzName"": ""Argentina Time"", ""zoneName"": ""America/Argentina/Cordoba"", ""gmtOffset"": -10800, ""abbreviation"": ""ART"", ""gmtOffsetName"": ""UTC-03:00""}, {""tzName"": ""Argentina Time"", ""zoneName"": ""America/Argentina/Jujuy"", ""gmtOffset"": -10800, ""abbreviation"": ""ART"", ""gmtOffsetName"": ""UTC-03:00""}, {""tzName"": ""Argentina Time"", ""zoneName"": ""America/Argentina/La_Rioja"", ""gmtOffset"": -10800, ""abbreviation"": ""ART"", ""gmtOffsetName"": ""UTC-03:00""}, {""tzName"": ""Argentina Time"", ""zoneName"": ""America/Argentina/Mendoza"", ""gmtOffset"": -10800, ""abbreviation"": ""ART"", ""gmtOffsetName"": ""UTC-03:00""}, {""tzName"": ""Argentina Time"", ""zoneName"": ""America/Argentina/Rio_Gallegos"", ""gmtOffset"": -10800, ""abbreviation"": ""ART"", ""gmtOffsetName"": ""UTC-03:00""}, {""tzName"": ""Argentina Time"", ""zoneName"": ""America/Argentina/Salta"", ""gmtOffset"": -10800, ""abbreviation"": ""ART"", ""gmtOffsetName"": ""UTC-03:00""}, {""tzName"": ""Argentina Time"", ""zoneName"": ""America/Argentina/San_Juan"", ""gmtOffset"": -10800, ""abbreviation"": ""ART"", ""gmtOffsetName"": ""UTC-03:00""}, {""tzName"": ""Argentina Time"", ""zoneName"": ""America/Argentina/San_Luis"", ""gmtOffset"": -10800, ""abbreviation"": ""ART"", ""gmtOffsetName"": ""UTC-03:00""}, {""tzName"": ""Argentina Time"", ""zoneName"": ""America/Argentina/Tucuman"", ""gmtOffset"": -10800, ""abbreviation"": ""ART"", ""gmtOffsetName"": ""UTC-03:00""}, {""tzName"": ""Argentina Time"", ""zoneName"": ""America/Argentina/Ushuaia"", ""gmtOffset"": -10800, ""abbreviation"": ""ART"", ""gmtOffsetName"": ""UTC-03:00""}]","{""de"": ""Argentinien"", ""es"": ""Argentina"", ""fa"": ""آرژانتین"", ""fr"": ""Argentine"", ""hr"": ""Argentina"", ""it"": ""Argentina"", ""ja"": ""アルゼンチン"", ""ko"": ""아르헨티나"", ""nl"": ""Argentinië"", ""pl"": ""Argentyna"", ""pt"": ""Argentina"", ""ru"": ""Аргентина"", ""tr"": ""Arjantin"", ""uk"": ""Аргентина"", ""pt-BR"": ""Argentina"", ""zh-CN"": ""阿根廷""}",-34.00000000,-64.00000000,🇦🇷,U+1F1E6 U+1F1F7,2018-07-21T12:41:03,2023-08-09T02:34:58,1,Q414,false,false
12,Armenia,ARM,051,AM,374,Yerevan,AMD,Armenian dram,֏,.am,Հայաստան,Asia,Western Asia,Armenian,"[{""tzName"": ""Armenia Time"", ""zoneName"": ""Asia/Yerevan"", ""gmtOffset"": 14400, ""abbreviation"": ""AMT"", ""gmtOffsetName"": ""UTC+04:00""}]","{""de"": ""Armenien"", ""es"": ""Armenia"", ""fa"": ""ارمنستان"", ""fr"": ""Arménie"", ""hr"": ""Armenija"", ""it"": ""Armenia"", ""ja"": ""アルメニア"", ""ko"": ""아르메니아"", ""nl"": ""Armenië"", ""pl"": ""Armenia"", ""pt"": ""Arménia"", ""ru"": ""Армения"", ""tr"": ""Ermenistan"", ""uk"": ""Вірменія"", ""pt-BR"": ""Armênia"", ""zh-CN"": ""亚美尼亚""}",40.00000000,45.00000000,🇦🇲,U+1F1E6 U+1F1F2,2018-07-21T12:41:03,2023-08-09T02:34:58,1,Q399,false,false
13,Aruba,ABW,533,AW,297,Oranjestad,AWG,Aruban florin,ƒ,.aw,Aruba,Americas,Caribbean,Aruban,"[{""tzName"": ""Atlantic Standard Time"", ""zoneName"": ""America/Aruba"", ""gmtOffset"": -14400, ""abbreviation"": ""AST"", ""gmtOffsetName"": ""UTC-04:00""}]","{""de"": ""Aruba"", ""es"": ""Aruba"", ""fa"": ""آروبا"", ""fr"": ""Aruba"", ""hr"": ""Aruba"", ""it"": ""Aruba"", ""ja"": ""アルバ"", ""ko"": ""아루바"", ""nl"": ""Aruba"", ""pl"": ""Aruba"", ""pt"": ""Aruba"", ""ru"": ""Аруба"", ""tr"": ""Aruba"", ""uk"": ""Аруба"", ""pt-BR"": ""Aruba"", ""zh-CN"": ""阿鲁巴""}",12.50000000,-69.96666666,🇦🇼,U+1F1E6 U+1F1FC,2018-07-21T12:41:03,2024-12-19T21:03:41,1,Q21203,false,false
14,Australia,AUS,036,AU,61,Canberra,AUD,Australian dollar,$,.au,Australia,Oceania,Australia and New Zealand,Australian,"[{""tzName"": ""Macquarie Island Station Time"", ""zoneName"": ""Antarctica/Macquarie"", ""gmtOffset"": 39600, ""abbreviation"": ""MIST"", ""gmtOffsetName"": ""UTC+11:00""}, {""tzName"": ""Australian Central Daylight Saving Time"", ""zoneName"": ""Australia/Adelaide"", ""gmtOffset"": 37800, ""abbreviation"": ""ACDT"", ""gmtOffsetName"": ""UTC+10:30""}, {""tzName"": ""Australian Eastern Standard Time"", ""zoneName"": ""Australia/Brisbane"", ""gmtOffset"": 36000, ""abbreviation"": ""AEST"", ""gmtOffsetName"": ""UTC+10:00""}, {""tzName"": ""Australian Central Daylight Saving Time"", ""zoneName"": ""Australia/Broken_Hill"", ""gmtOffset"": 37800, ""abbreviation"": ""ACDT"", ""gmtOffsetName"": ""UTC+10:30""}, {""tzName"": ""Australian Eastern Daylight Saving Time"", ""zoneName"": ""Australia/Currie"", ""gmtOffset"": 39600, ""abbreviation"": ""AEDT"", ""gmtOffsetName"": ""UTC+11:00""}, {""tzName"": ""Australian Central Standard Time"", ""zoneName"": ""Australia/Darwin"", ""gmtOffset"": 34200, ""abbreviation"": ""ACST"", ""gmtOffsetName"": ""UTC+09:30""}, {""tzName"": ""Australian Central Western Standard Time (Unofficial)"", ""zoneName"": ""Australia/Eucla"", ""gmtOffset"": 31500, ""abbreviation"": ""ACWST"", ""gmtOffsetName"": ""UTC+08:45""}, {""tzName"": ""Australian Eastern Daylight Saving Time"", ""zoneName"": ""Australia/Hobart"", ""gmtOffset"": 39600, ""abbreviation"": ""AEDT"", ""gmtOffsetName"": ""UTC+11:00""}, {""tzName"": ""Australian Eastern Standard Time"", ""zoneName"": ""Australia/Lindeman"", ""gmtOffset"": 36000, ""abbreviation"": ""AEST"", ""gmtOffsetName"": ""UTC+10:00""}, {""tzName"": ""Lord Howe Summer Time"", ""zoneName"": ""Australia/Lord_Howe"", ""gmtOffset"": 39600, ""abbreviation"": ""LHST"", ""gmtOffsetName"": ""UTC+11:00""}, {""tzName"": ""Australian Eastern Daylight Saving Time"", ""zoneName"": ""Australia/Melbourne"", ""gmtOffset"": 39600, ""abbreviation"": ""AEDT"", ""gmtOffsetName"": ""UTC+11:00""}, {""tzName"": ""Australian Western Standard Time"", ""zoneName"": ""Australia/Perth"", ""gmtOffset"": 28800, ""abbreviation"": ""AWST"", ""gmtOffsetName"": ""UTC+08:00""}, {""tzName"": ""Australian Eastern Daylight Saving Time"", ""zoneName"": ""Australia/Sydney"", ""gmtOffset"": 39600, ""abbreviation"": ""AEDT"", ""gmtOffsetName"": ""UTC+11:00""}]","{""de"": ""Australien"", ""es"": ""Australia"", ""fa"": ""استرالیا"", ""fr"": ""Australie"", ""hr"": ""Australija"", ""it"": ""Australia"", ""ja"": ""オーストラリア"", ""ko"": ""호주"", ""nl"": ""Australië"", ""pl"": ""Australia"", ""pt"": ""Austrália"", ""ru"": ""Австралия"", ""tr"": ""Avustralya"", ""uk"": ""Австралія"", ""pt-BR"": ""Austrália"", ""zh-CN"": ""澳大利亚""}",-27.00000000,133.00000000,🇦🇺,U+1F1E6 U+1F1FA,2018-07-21T12:41:03,2023-08-09T02:34:58,1,Q408,false,false
15,Austria,AUT,040,AT,43,Vienna,EUR,Euro,€,.at,Österreich,Europe,Western Europe,Austrian,"[{""tzName"": ""Central European Time"", ""zoneName"": ""Europe/Vienna"", ""gmtOffset"": 3600, ""abbreviation"": ""CET"", ""gmtOffsetName"": ""UTC+01:00""}]","{""de"": ""Österreich"", ""es"": ""Austria"", ""fa"": ""اتریش"", ""fr"": ""Autriche"", ""hr"": ""Austrija"", ""it"": ""Austria"", ""ja"": ""オーストリア"", ""ko"": ""오스트리아"", ""nl"": ""Oostenrijk"", ""pl"": ""Austria"", ""pt"": ""áustria"", ""ru"": ""Австрия"", ""tr"": ""Avusturya"", ""uk"": ""Австрія"", ""pt-BR"": ""áustria"", ""zh-CN"": ""奥地利""}",47.33333333,13.33333333,🇦🇹,U+1F1E6 U+1F1F9,2018-07-21T12:41:03,2023-08-09T02:34:58,1,Q40,false,false
16,Azerbaijan,AZE,031,AZ,994,Baku,AZN,Azerbaijani manat,m,.az,Azərbaycan,Asia,Western Asia,"Azerbaijani, Azeri","[{""tzName"": ""Azerbaijan Time"", ""zoneName"": ""Asia/Baku"", ""gmtOffset"": 14400, ""abbreviation"": ""AZT"", ""gmtOffsetName"": ""UTC+04:00""}]","{""de"": ""Aserbaidschan"", ""es"": ""Azerbaiyán"", ""fa"": ""آذربایجان"", ""fr"": ""Azerbaïdjan"", ""hr"": ""Azerbajdžan"", ""it"": ""Azerbaijan"", ""ja"": ""アゼルバイジャン"", ""ko"": ""아제르바이잔"", ""nl"": ""Azerbeidzjan"", ""pl"": ""Azerbejdżan"", ""pt"": ""Azerbaijão"", ""ru"": ""Азербайджан"", ""tr"": ""Azerbaycan"", ""uk"": ""Азербайджан"", ""pt-BR"": ""Azerbaijão"", ""zh-CN"": ""阿塞拜疆""}",40.50000000,47.50000000,🇦🇿,U+1F1E6 U+1F1FF,2018-07-21T12:41:03,2023-08-09T02:34:58,1,Q227,false,false
17,The Bahamas,BHS,044,BS,1,Nassau,BSD,Bahamian dollar,B$,.bs,Bahamas,Americas,Caribbean,Bahamian,"[{""tzName"": ""Eastern Standard Time (North America)"", ""zoneName"": ""America/Nassau"", ""gmtOffset"": -18000, ""abbreviation"": ""EST"", ""gmtOffsetName"": ""UTC-05:00""}]","{""de"": ""Bahamas"", ""es"": ""Bahamas"", ""fa"": ""باهاما"", ""fr"": ""Bahamas"", ""hr"": ""Bahami"", ""it"": ""Bahamas"", ""ja"": ""バハマ"", ""ko"": ""바하마"", ""nl"": ""Bahama’s"", ""pl"": ""Bahamy"", ""pt"": ""Baamas"", ""ru"": ""Багамы"", ""tr"": ""Bahamalar"", ""uk"": ""Багамські острови"", ""pt-BR"": ""Bahamas"", ""zh-CN"": ""巴哈马""}",24.25000000,-76.00000000,🇧🇸,U+1F1E7 U+1F1F8,2018-07-21T12:41:03,2024-09-05T16:47:03,1,Q778,false,false
18,Bahrain,BHR,048,BH,973,Manama,BHD,Bahraini dinar,.د.ب,.bh,‏البحرين,Asia,Western Asia,Bahraini,"[{""tzName"": ""Arabia Standard Time"", ""zoneName"": ""Asia/Bahrain"", ""gmtOffset"": 10800, ""abbreviation"": ""AST"", ""gmtOffsetName"": ""UTC+03:00""}]","{""de"": ""Bahrain"", ""es"": ""Bahrein"", ""fa"": ""بحرین"", ""fr"": ""Bahreïn"", ""hr"": ""Bahrein"", ""it"": ""Bahrein"", ""ja"": ""バーレーン"", ""ko"": ""바레인"", ""nl"": ""Bahrein"", ""pl"": ""Bahrajn"", ""pt"": ""Barém"", ""ru"": ""Бахрейн"", ""tr"": ""Bahreyn"", ""uk"": ""Бахрейн"", ""pt-BR"": ""Bahrein"", ""zh-CN"": ""巴林""}",26.00000000,50.55000000,🇧🇭,U+1F1E7 U+1F1ED,2018-07-21T12:41:03,2023-08-09T02:34:58,1,Q398,false,false
56,Cuba,CUB,192,CU,53,Havana,CUP,Cuban peso,$,.cu,Cuba,Americas,Caribbean,Cuban,"[{""tzName"": ""Cuba Standard Time"", ""zoneName"": ""America/Havana"", ""gmtOffset"": -18000, ""abbreviation"": ""CST"", ""gmtOffsetName"": ""UTC-05:00""}]","{""de"": ""Kuba"", ""es"": ""Cuba"", ""fa"": ""کوبا"", ""fr"": ""Cuba"", ""hr"": ""Kuba"", ""it"": ""Cuba"", ""ja"": ""キューバ"", ""ko"": ""쿠바"", ""nl"": ""Cuba"", ""pl"": ""Kuba"", ""pt"": ""Cuba"", ""ru"": ""Куба"", ""tr"": ""Küba"", ""uk"": ""Куба"", ""pt-BR"": ""Cuba"", ""zh-CN"": ""古巴""}",21.50000000,-80.00000000,🇨🇺,U+1F1E8 U+1F1FA,2018-07-21T12:41:03,2023-08-09T02:34:58,1,Q241,false,false
19,Bangladesh,BGD,050,BD,880,Dhaka,BDT,Bangladeshi taka,৳,.bd,Bangladesh,Asia,Southern Asia,Bangladeshi,"[{""tzName"": ""Bangladesh Standard Time"", ""zoneName"": ""Asia/Dhaka"", ""gmtOffset"": 21600, ""abbreviation"": ""BDT"", ""gmtOffsetName"": ""UTC+06:00""}]","{""de"": ""Bangladesch"", ""es"": ""Bangladesh"", ""fa"": ""بنگلادش"", ""fr"": ""Bangladesh"", ""hr"": ""Bangladeš"", ""it"": ""Bangladesh"", ""ja"": ""バングラデシュ"", ""ko"": ""방글라데시"", ""nl"": ""Bangladesh"", ""pl"": ""Bangladesz"", ""pt"": ""Bangladeche"", ""ru"": ""Бангладеш"", ""tr"": ""Bangladeş"", ""uk"": ""Бангладеш"", ""pt-BR"": ""Bangladesh"", ""zh-CN"": ""孟加拉""}",24.00000000,90.00000000,🇧🇩,U+1F1E7 U+1F1E9,2018-07-21T12:41:03,2023-08-09T02:34:58,1,Q902,false,false
21,Belarus,BLR,112,BY,375,Minsk,BYN,Belarusian ruble,Br,.by,Белару́сь,Europe,Eastern Europe,Belarusian,"[{""tzName"": ""Moscow Time"", ""zoneName"": ""Europe/Minsk"", ""gmtOffset"": 10800, ""abbreviation"": ""MSK"", ""gmtOffsetName"": ""UTC+03:00""}]","{""de"": ""Weißrussland"", ""es"": ""Bielorrusia"", ""fa"": ""بلاروس"", ""fr"": ""Biélorussie"", ""hr"": ""Bjelorusija"", ""it"": ""Bielorussia"", ""ja"": ""ベラルーシ"", ""ko"": ""벨라루스"", ""nl"": ""Wit-Rusland"", ""pl"": ""Białoruś"", ""pt"": ""Bielorrússia"", ""ru"": ""Беларусь"", ""tr"": ""Belarus"", ""uk"": ""Білорусь"", ""pt-BR"": ""Bielorrússia"", ""zh-CN"": ""白俄罗斯""}",53.00000000,28.00000000,🇧🇾,U+1F1E7 U+1F1FE,2018-07-21T12:41:03,2023-08-09T02:34:58,1,Q184,false,false
22,Belgium,BEL,056,BE,32,Brussels,EUR,Euro,€,.be,België,Europe,Western Europe,Belgian,"[{""tzName"": ""Central European Time"", ""zoneName"": ""Europe/Brussels"", ""gmtOffset"": 3600, ""abbreviation"": ""CET"", ""gmtOffsetName"": ""UTC+01:00""}]","{""de"": ""Belgien"", ""es"": ""Bélgica"", ""fa"": ""بلژیک"", ""fr"": ""Belgique"", ""hr"": ""Belgija"", ""it"": ""Belgio"", ""ja"": ""ベルギー"", ""ko"": ""벨기에"", ""nl"": ""België"", ""pl"": ""Belgia"", ""pt"": ""Bélgica"", ""ru"": ""Бельгия"", ""tr"": ""Belçika"", ""uk"": ""Бельгія"", ""pt-BR"": ""Bélgica"", ""zh-CN"": ""比利时""}",50.83333333,4.00000000,🇧🇪,U+1F1E7 U+1F1EA,2018-07-21T12:41:03,2023-08-09T02:34:58,1,Q31,false,false
23,Belize,BLZ,084,BZ,501,Belmopan,BZD,Belize dollar,$,.bz,Belize,Americas,Central America,Belizean,"[{""tzName"": ""Central Standard Time (North America)"", ""zoneName"": ""America/Belize"", ""gmtOffset"": -21600, ""abbreviation"": ""CST"", ""gmtOffsetName"": ""UTC-06:00""}]","{""de"": ""Belize"", ""es"": ""Belice"", ""fa"": ""بلیز"", ""fr"": ""Belize"", ""hr"": ""Belize"", ""it"": ""Belize"", ""ja"": ""ベリーズ"", ""ko"": ""벨리즈"", ""nl"": ""Belize"", ""pl"": ""Belize"", ""pt"": ""Belize"", ""ru"": ""Белиз"", ""tr"": ""Belize"", ""uk"": ""Беліз"", ""pt-BR"": ""Belize"", ""zh-CN"": ""伯利兹""}",17.25000000,-88.75000000,🇧🇿,U+1F1E7 U+1F1FF,2018-07-21T12:41:03,2023-08-09T02:34:58,1,Q242,false,false
24,Benin,BEN,204,BJ,229,Porto-Novo,XOF,West African CFA franc,CFA,.bj,Bénin,Africa,Western Africa,"Beninese, Beninois","[{""tzName"": ""West Africa Time"", ""zoneName"": ""Africa/Porto-Novo"", ""gmtOffset"": 3600, ""abbreviation"": ""WAT"", ""gmtOffsetName"": ""UTC+01:00""}]","{""de"": ""Benin"", ""es"": ""Benín"", ""fa"": ""بنین"", ""fr"": ""Bénin"", ""hr"": ""Benin"", ""it"": ""Benin"", ""ja"": ""ベナン"", ""ko"": ""베냉"", ""nl"": ""Benin"", ""pl"": ""Benin"", ""pt"": ""Benim"", ""ru"": ""Бенин"", ""tr"": ""Benin"", ""uk"": ""Бенін"", ""pt-BR"": ""Benin"", ""zh-CN"": ""贝宁""}",9.50000000,2.25000000,🇧🇯,U+1F1E7 U+1F1EF,2018-07-21T12:41:03,2023-08-09T02:34:58,1,Q962,false,false
25,Bermuda,BMU,060,BM,1,Hamilton,BMD,Bermudian dollar,$,.bm,Bermuda,Americas,Northern America,"Bermudian, Bermudan","[{""tzName"": ""Atlantic Standard Time"", ""zoneName"": ""Atlantic/Bermuda"", ""gmtOffset"": -14400, ""abbreviation"": ""AST"", ""gmtOffsetName"": ""UTC-04:00""}]","{""de"": ""Bermuda"", ""es"": ""Bermudas"", ""fa"": ""برمودا"", ""fr"": ""Bermudes"", ""hr"": ""Bermudi"", ""it"": ""Bermuda"", ""ja"": ""バミューダ"", ""ko"": ""버뮤다"", ""nl"": ""Bermuda"", ""pl"": ""Bermudy"", ""pt"": ""Bermudas"", ""ru"": ""Бермуды"", ""tr"": ""Bermuda"", ""uk"": ""Бермудські острови"", ""pt-BR"": ""Bermudas"", ""zh-CN"": ""百慕大""}",32.33333333,-64.75000000,🇧🇲,U+1F1E7 U+1F1F2,2018-07-21T12:41:03,2024-12-19T21:04:08,1,Q23635,false,false
26,Bhutan,BTN,064,BT,975,Thimphu,BTN,Bhutanese ngultrum,Nu.,.bt,ʼbrug-yul,Asia,Southern Asia,Bhutanese,"[{""tzName"": ""Bhutan Time"", ""zoneName"": ""Asia/Thimphu"", ""gmtOffset"": 21600, ""abbreviation"": ""BTT"", ""gmtOffsetName"": ""UTC+06:00""}]","{""de"": ""Bhutan"", ""es"": ""Bután"", ""fa"": ""بوتان"", ""fr"": ""Bhoutan"", ""hr"": ""Butan"", ""it"": ""Bhutan"", ""ja"": ""ブータン"", ""ko"": ""부탄"", ""nl"": ""Bhutan"", ""pl"": ""Bhutan"", ""pt"": ""Butão"", ""ru"": ""Бутан"", ""tr"": ""Butan"", ""uk"": ""Бутан"", ""pt-BR"": ""Butão"", ""zh-CN"": ""不丹""}",27.50000000,90.50000000,🇧🇹,U+1F1E7 U+1F1F9,2018-07-21T12:41:03,2023-08-09T02:34:58,1,Q917,false,false
27,Bolivia,BOL,068,BO,591,Sucre,BOB,Bolivian boliviano,Bs.,.bo,Bolivia,Americas,South America,Bolivian,"[{""tzName"": ""Bolivia Time"", ""zoneName"": ""America/La_Paz"", ""gmtOffset"": -14400, ""abbreviation"": ""BOT"", ""gmtOffsetName"": ""UTC-04:00""}]","{""de"": ""Bolivien"", ""es"": ""Bolivia"", ""fa"": ""بولیوی"", ""fr"": ""Bolivie"", ""hr"": ""Bolivija"", ""it"": ""Bolivia"", ""ja"": ""ボリビア多民族国"", ""ko"": ""볼리비아"", ""nl"": ""Bolivia"", ""pl"": ""Boliwia"", ""pt"": ""Bolívia"", ""ru"": ""Боливия"", ""tr"": ""Bolivya"", ""uk"": ""Болівія"", ""pt-BR"": ""Bolívia"", ""zh-CN"": ""玻利维亚""}",-17.00000000,-65.00000000,🇧🇴,U+1F1E7 U+1F1F4,2018-07-21T12:41:03,2023-08-09T02:34:58,1,Q750,false,false
28,Bosnia and Herzegovina,BIH,070,BA,387,Sarajevo,BAM,Bosnia and Herzegovina convertible mark,KM,.ba,Bosna i Hercegovina,Europe,Southern Europe,Bosnian or Herzegovinian,"[{""tzName"": ""Central European Time"", ""zoneName"": ""Europe/Sarajevo"", ""gmtOffset"": 3600, ""abbreviation"": ""CET"", ""gmtOffsetName"": ""UTC+01:00""}]","{""de"": ""Bosnien und Herzegowina"", ""es"": ""Bosnia y Herzegovina"", ""fa"": ""بوسنی و هرزگوین"", ""fr"": ""Bosnie-Herzégovine"", ""hr"": ""Bosna i Hercegovina"", ""it"": ""Bosnia ed Erzegovina"", ""ja"": ""ボスニア・ヘルツェゴビナ"", ""ko"": ""보스니아 헤르체고비나"", ""nl"": ""Bosnië en Herzegovina"", ""pl"": ""Bośnia i Hercegowina"", ""pt"": ""Bósnia e Herzegovina"", ""ru"": ""Босния и Герцеговина"", ""tr"": ""Bosna Hersek"", ""uk"": ""Боснія і Герцеговина"", ""pt-BR"": ""Bósnia e Herzegovina"", ""zh-CN"": ""波斯尼亚和黑塞哥维那""}",44.00000000,18.00000000,🇧🇦,U+1F1E7 U+1F1E6,2018-07-21T12:41:03,2023-08-09T02:34:58,1,Q225,false,false
107,Italy,ITA,380,IT,39,Rome,EUR,Euro,€,.it,Italia,Europe,Southern Europe,Italian,"[{""tzName"": ""Central European Time"", ""zoneName"": ""Europe/Rome"", ""gmtOffset"": 3600, ""abbreviation"": ""CET"", ""gmtOffsetName"": ""UTC+01:00""}]","{""de"": ""Italien"", ""es"": ""Italia"", ""fa"": ""ایتالیا"", ""fr"": ""Italie"", ""hr"": ""Italija"", ""it"": ""Italia"", ""ja"": ""イタリア"", ""ko"": ""이탈리아"", ""nl"": ""Italië"", ""pl"": ""Włochy"", ""pt"": ""Itália"", ""ru"": ""Италия"", ""tr"": ""İtalya"", ""uk"": ""Італія"", ""pt-BR"": ""Itália"", ""zh-CN"": ""意大利""}",42.83333333,12.83333333,🇮🇹,U+1F1EE U+1F1F9,2018-07-21T12:41:03,2023-08-09T02:34:58,1,Q38,false,false
29,Botswana,BWA,072,BW,267,Gaborone,BWP,Botswana pula,P,.bw,Botswana,Africa,Southern Africa,"Motswana, Botswanan","[{""tzName"": ""Central Africa Time"", ""zoneName"": ""Africa/Gaborone"", ""gmtOffset"": 7200, ""abbreviation"": ""CAT"", ""gmtOffsetName"": ""UTC+02:00""}]","{""de"": ""Botswana"", ""es"": ""Botswana"", ""fa"": ""بوتسوانا"", ""fr"": ""Botswana"", ""hr"": ""Bocvana"", ""it"": ""Botswana"", ""ja"": ""ボツワナ"", ""ko"": ""보츠와나"", ""nl"": ""Botswana"", ""pl"": ""Botswana"", ""pt"": ""Botsuana"", ""ru"": ""Ботсвана"", ""tr"": ""Botsvana"", ""uk"": ""Ботсвана"", ""pt-BR"": ""Botsuana"", ""zh-CN"": ""博茨瓦纳""}",-22.00000000,24.00000000,🇧🇼,U+1F1E7 U+1F1FC,2018-07-21T12:41:03,2023-08-11T21:01:40,1,Q963,false,false
30,Bouvet Island,BVT,074,BV,0055,,NOK,Norwegian krone,ko,.bv,Bouvetøya,,,Bouvet Island,"[{""tzName"": ""Central European Time"", ""zoneName"": ""Europe/Oslo"", ""gmtOffset"": 3600, ""abbreviation"": ""CET"", ""gmtOffsetName"": ""UTC+01:00""}]","{""de"": ""Bouvetinsel"", ""es"": ""Isla Bouvet"", ""fa"": ""جزیره بووه"", ""fr"": ""Île Bouvet"", ""hr"": ""Otok Bouvet"", ""it"": ""Isola Bouvet"", ""ja"": ""ブーベ島"", ""ko"": ""부벳 섬"", ""nl"": ""Bouveteiland"", ""pl"": ""Wyspa Bouveta"", ""pt"": ""Ilha Bouvet"", ""ru"": ""Остров Буве"", ""tr"": ""Bouvet Adasi"", ""uk"": ""Острів Буве"", ""pt-BR"": ""Ilha Bouvet"", ""zh-CN"": ""布维岛""}",-54.43333333,3.40000000,🇧🇻,U+1F1E7 U+1F1FB,2018-07-21T12:41:03,2024-12-23T15:33:12,1,Q23408,false,false
31,Brazil,BRA,076,BR,55,Brasilia,BRL,Brazilian real,R$,.br,Brasil,Americas,South America,Brazilian,"[{""tzName"": ""Brasília Time"", ""zoneName"": ""America/Araguaina"", ""gmtOffset"": -10800, ""abbreviation"": ""BRT"", ""gmtOffsetName"": ""UTC-03:00""}, {""tzName"": ""Brasília Time"", ""zoneName"": ""America/Bahia"", ""gmtOffset"": -10800, ""abbreviation"": ""BRT"", ""gmtOffsetName"": ""UTC-03:00""}, {""tzName"": ""Brasília Time"", ""zoneName"": ""America/Belem"", ""gmtOffset"": -10800, ""abbreviation"": ""BRT"", ""gmtOffsetName"": ""UTC-03:00""}, {""tzName"": ""Amazon Time (Brazil)[3"", ""zoneName"": ""America/Boa_Vista"", ""gmtOffset"": -14400, ""abbreviation"": ""AMT"", ""gmtOffsetName"": ""UTC-04:00""}, {""tzName"": ""Amazon Time (Brazil)[3"", ""zoneName"": ""America/Campo_Grande"", ""gmtOffset"": -14400, ""abbreviation"": ""AMT"", ""gmtOffsetName"": ""UTC-04:00""}, {""tzName"": ""Brasilia Time"", ""zoneName"": ""America/Cuiaba"", ""gmtOffset"": -14400, ""abbreviation"": ""BRT"", ""gmtOffsetName"": ""UTC-04:00""}, {""tzName"": ""Acre Time"", ""zoneName"": ""America/Eirunepe"", ""gmtOffset"": -18000, ""abbreviation"": ""ACT"", ""gmtOffsetName"": ""UTC-05:00""}, {""tzName"": ""Brasília Time"", ""zoneName"": ""America/Fortaleza"", ""gmtOffset"": -10800, ""abbreviation"": ""BRT"", ""gmtOffsetName"": ""UTC-03:00""}, {""tzName"": ""Brasília Time"", ""zoneName"": ""America/Maceio"", ""gmtOffset"": -10800, ""abbreviation"": ""BRT"", ""gmtOffsetName"": ""UTC-03:00""}, {""tzName"": ""Amazon Time (Brazil)"", ""zoneName"": ""America/Manaus"", ""gmtOffset"": -14400, ""abbreviation"": ""AMT"", ""gmtOffsetName"": ""UTC-04:00""}, {""tzName"": ""Fernando de Noronha Time"", ""zoneName"": ""America/Noronha"", ""gmtOffset"": -7200, ""abbreviation"": ""FNT"", ""gmtOffsetName"": ""UTC-02:00""}, {""tzName"": ""Amazon Time (Brazil)[3"", ""zoneName"": ""America/Porto_Velho"", ""gmtOffset"": -14400, ""abbreviation"": ""AMT"", ""gmtOffsetName"": ""UTC-04:00""}, {""tzName"": ""Brasília Time"", ""zoneName"": ""America/Recife"", ""gmtOffset"": -10800, ""abbreviation"": ""BRT"", ""gmtOffsetName"": ""UTC-03:00""}, {""tzName"": ""Acre Time"", ""zoneName"": ""America/Rio_Branco"", ""gmtOffset"": -18000, ""abbreviation"": ""ACT"", ""gmtOffsetName"": ""UTC-05:00""}, {""tzName"": ""Brasília Time"", ""zoneName"": ""America/Santarem"", ""gmtOffset"": -10800, ""abbreviation"": ""BRT"", ""gmtOffsetName"": ""UTC-03:00""}, {""tzName"": ""Brasília Time"", ""zoneName"": ""America/Sao_Paulo"", ""gmtOffset"": -10800, ""abbreviation"": ""BRT"", ""gmtOffsetName"": ""UTC-03:00""}]","{""de"": ""Brasilien"", ""es"": ""Brasil"", ""fa"": ""برزیل"", ""fr"": ""Brésil"", ""hr"": ""Brazil"", ""it"": ""Brasile"", ""ja"": ""ブラジル"", ""ko"": ""브라질"", ""nl"": ""Brazilië"", ""pl"": ""Brazylia"", ""pt"": ""Brasil"", ""ru"": ""Бразилия"", ""tr"": ""Brezilya"", ""uk"": ""Бразилія"", ""pt-BR"": ""Brasil"", ""zh-CN"": ""巴西""}",-10.00000000,-55.00000000,🇧🇷,U+1F1E7 U+1F1F7,2018-07-21T12:41:03,2023-08-09T02:34:58,1,Q155,false,false
32,British Indian Ocean Territory,IOT,086,IO,246,Diego Garcia,USD,United States dollar,$,.io,British Indian Ocean Territory,Africa,Eastern Africa,BIOT,"[{""tzName"": ""Indian Ocean Time"", ""zoneName"": ""Indian/Chagos"", ""gmtOffset"": 21600, ""abbreviation"": ""IOT"", ""gmtOffsetName"": ""UTC+06:00""}]","{""de"": ""Britisches Territorium im Indischen Ozean"", ""es"": ""Territorio Británico del Océano Índico"", ""fa"": ""قلمرو بریتانیا در اقیانوس هند"", ""fr"": ""Territoire britannique de l'océan Indien"", ""hr"": ""Britanski Indijskooceanski teritorij"", ""it"": ""Territorio britannico dell'oceano indiano"", ""ja"": ""イギリス領インド洋地域"", ""ko"": ""영국령 인도양 지역"", ""nl"": ""Britse Gebieden in de Indische Oceaan"", ""pl"": ""Brytyjskie Terytorium Oceanu Indyjskiego"", ""pt"": ""Território Britânico do Oceano Índico"", ""ru"": ""Британская территория в Индийском океане"", ""tr"": ""Britanya Hint Okyanusu Topraklari"", ""uk"": ""Британська територія в Індійському океані"", ""pt-BR"": ""Território Britânico do Oceano íÍdico"", ""zh-CN"": ""英属印度洋领地""}",-6.00000000,71.50000000,🇮🇴,U+1F1EE U+1F1F4,2018-07-21T12:41:03,2024-12-19T21:04:08,1,Q43448,false,false
33,Brunei,BRN,096,BN,673,Bandar Seri Begawan,BND,Brunei dollar,B$,.bn,Negara Brunei Darussalam,Asia,South-Eastern Asia,Bruneian,"[{""tzName"": ""Brunei Darussalam Time"", ""zoneName"": ""Asia/Brunei"", ""gmtOffset"": 28800, ""abbreviation"": ""BNT"", ""gmtOffsetName"": ""UTC+08:00""}]","{""de"": ""Brunei"", ""es"": ""Brunei"", ""fa"": ""برونئی"", ""fr"": ""Brunei"", ""hr"": ""Brunej"", ""it"": ""Brunei"", ""ja"": ""ブルネイ・ダルサラーム"", ""ko"": ""브루나이"", ""nl"": ""Brunei"", ""pl"": ""Brunei"", ""pt"": ""Brunei"", ""ru"": ""Бруней"", ""tr"": ""Brunei"", ""uk"": ""Бруней"", ""pt-BR"": ""Brunei"", ""zh-CN"": ""文莱""}",4.50000000,114.66666666,🇧🇳,U+1F1E7 U+1F1F3,2018-07-21T12:41:03,2023-08-09T02:34:58,1,Q921,false,false
34,Bulgaria,BGR,100,BG,359,Sofia,BGN,Bulgarian lev,Лв.,.bg,България,Europe,Eastern Europe,Bulgarian,"[{""tzName"": ""Eastern European Time"", ""zoneName"": ""Europe/Sofia"", ""gmtOffset"": 7200, ""abbreviation"": ""EET"", ""gmtOffsetName"": ""UTC+02:00""}]","{""de"": ""Bulgarien"", ""es"": ""Bulgaria"", ""fa"": ""بلغارستان"", ""fr"": ""Bulgarie"", ""hr"": ""Bugarska"", ""it"": ""Bulgaria"", ""ja"": ""ブルガリア"", ""ko"": ""불가리아"", ""nl"": ""Bulgarije"", ""pl"": ""Bułgaria"", ""pt"": ""Bulgária"", ""ru"": ""Болгария"", ""tr"": ""Bulgaristan"", ""uk"": ""Болгарія"", ""pt-BR"": ""Bulgária"", ""zh-CN"": ""保加利亚""}",43.00000000,25.00000000,🇧🇬,U+1F1E7 U+1F1EC,2018-07-21T12:41:03,2023-08-09T02:34:58,1,Q219,false,false
35,Burkina Faso,BFA,854,BF,226,Ouagadougou,XOF,West African CFA franc,CFA,.bf,Burkina Faso,Africa,Western Africa,Burkinabe,"[{""tzName"": ""Greenwich Mean Time"", ""zoneName"": ""Africa/Ouagadougou"", ""gmtOffset"": 0, ""abbreviation"": ""GMT"", ""gmtOffsetName"": ""UTC±00""}]","{""de"": ""Burkina Faso"", ""es"": ""Burkina Faso"", ""fa"": ""بورکینافاسو"", ""fr"": ""Burkina Faso"", ""hr"": ""Burkina Faso"", ""it"": ""Burkina Faso"", ""ja"": ""ブルキナファソ"", ""ko"": ""부르키나 파소"", ""nl"": ""Burkina Faso"", ""pl"": ""Burkina Faso"", ""pt"": ""Burquina Faso"", ""ru"": ""Буркина-Фасо"", ""tr"": ""Burkina Faso"", ""uk"": ""Буркіна-Фасо"", ""pt-BR"": ""Burkina Faso"", ""zh-CN"": ""布基纳法索""}",13.00000000,-2.00000000,🇧🇫,U+1F1E7 U+1F1EB,2018-07-21T12:41:03,2023-08-11T21:15:55,1,Q965,false,false
36,Burundi,BDI,108,BI,257,Bujumbura,BIF,Burundian franc,FBu,.bi,Burundi,Africa,Eastern Africa,Burundian,"[{""tzName"": ""Central Africa Time"", ""zoneName"": ""Africa/Bujumbura"", ""gmtOffset"": 7200, ""abbreviation"": ""CAT"", ""gmtOffsetName"": ""UTC+02:00""}]","{""de"": ""Burundi"", ""es"": ""Burundi"", ""fa"": ""بوروندی"", ""fr"": ""Burundi"", ""hr"": ""Burundi"", ""it"": ""Burundi"", ""ja"": ""ブルンジ"", ""ko"": ""부룬디"", ""nl"": ""Burundi"", ""pl"": ""Burundi"", ""pt"": ""Burúndi"", ""ru"": ""Бурунди"", ""tr"": ""Burundi"", ""uk"": ""Бурунді"", ""pt-BR"": ""Burundi"", ""zh-CN"": ""布隆迪""}",-3.50000000,30.00000000,🇧🇮,U+1F1E7 U+1F1EE,2018-07-21T12:41:03,2023-08-09T02:34:58,1,Q967,false,false
37,Cambodia,KHM,116,KH,855,Phnom Penh,KHR,Cambodian riel,KHR,.kh,Kâmpŭchéa,Asia,South-Eastern Asia,Cambodian,"[{""tzName"": ""Indochina Time"", ""zoneName"": ""Asia/Phnom_Penh"", ""gmtOffset"": 25200, ""abbreviation"": ""ICT"", ""gmtOffsetName"": ""UTC+07:00""}]","{""de"": ""Kambodscha"", ""es"": ""Camboya"", ""fa"": ""کامبوج"", ""fr"": ""Cambodge"", ""hr"": ""Kambodža"", ""it"": ""Cambogia"", ""ja"": ""カンボジア"", ""ko"": ""캄보디아"", ""nl"": ""Cambodja"", ""pl"": ""Kambodża"", ""pt"": ""Camboja"", ""ru"": ""Камбоджа"", ""tr"": ""Kamboçya"", ""uk"": ""Камбоджа"", ""pt-BR"": ""Camboja"", ""zh-CN"": ""柬埔寨""}",13.00000000,105.00000000,🇰🇭,U+1F1F0 U+1F1ED,2018-07-21T12:41:03,2023-08-09T02:34:58,1,Q424,false,false
38,Cameroon,CMR,120,CM,237,Yaounde,XAF,Central African CFA franc,FCFA,.cm,Cameroon,Africa,Middle Africa,Cameroonian,"[{""tzName"": ""West Africa Time"", ""zoneName"": ""Africa/Douala"", ""gmtOffset"": 3600, ""abbreviation"": ""WAT"", ""gmtOffsetName"": ""UTC+01:00""}]","{""de"": ""Kamerun"", ""es"": ""Camerún"", ""fa"": ""کامرون"", ""fr"": ""Cameroun"", ""hr"": ""Kamerun"", ""it"": ""Camerun"", ""ja"": ""カメルーン"", ""ko"": ""카메룬"", ""nl"": ""Kameroen"", ""pl"": ""Kamerun"", ""pt"": ""Camarões"", ""ru"": ""Камерун"", ""tr"": ""Kamerun"", ""uk"": ""Камерун"", ""pt-BR"": ""Camarões"", ""zh-CN"": ""喀麦隆""}",6.00000000,12.00000000,🇨🇲,U+1F1E8 U+1F1F2,2018-07-21T12:41:03,2023-08-09T02:34:58,1,Q1009,false,false
46,Christmas Island,CXR,162,CX,61,Flying Fish Cove,AUD,Australian dollar,$,.cx,Christmas Island,Oceania,Australia and New Zealand,Christmas Island,"[{""tzName"": ""Christmas Island Time"", ""zoneName"": ""Indian/Christmas"", ""gmtOffset"": 25200, ""abbreviation"": ""CXT"", ""gmtOffsetName"": ""UTC+07:00""}]","{""de"": ""Weihnachtsinsel"", ""es"": ""Isla de Navidad"", ""fa"": ""جزیره کریسمس"", ""fr"": ""Île Christmas"", ""hr"": ""Božićni otok"", ""it"": ""Isola di Natale"", ""ja"": ""クリスマス島"", ""ko"": ""크리스마스 섬"", ""nl"": ""Christmaseiland"", ""pl"": ""Wyspa Bożego Narodzenia"", ""pt"": ""Ilha do Natal"", ""ru"": ""Остров Рождества"", ""tr"": ""Christmas Adasi"", ""uk"": ""Острів Різдва"", ""pt-BR"": ""Ilha Christmas"", ""zh-CN"": ""圣诞岛""}",-10.50000000,105.66666666,🇨🇽,U+1F1E8 U+1F1FD,2018-07-21T12:41:03,2024-12-19T21:04:08,1,Q31063,false,false
39,Canada,CAN,124,CA,1,Ottawa,CAD,Canadian dollar,$,.ca,Canada,Americas,Northern America,Canadian,"[{""tzName"": ""Eastern Standard Time (North America)"", ""zoneName"": ""America/Atikokan"", ""gmtOffset"": -18000, ""abbreviation"": ""EST"", ""gmtOffsetName"": ""UTC-05:00""}, {""tzName"": ""Atlantic Standard Time"", ""zoneName"": ""America/Blanc-Sablon"", ""gmtOffset"": -14400, ""abbreviation"": ""AST"", ""gmtOffsetName"": ""UTC-04:00""}, {""tzName"": ""Mountain Standard Time (North America)"", ""zoneName"": ""America/Cambridge_Bay"", ""gmtOffset"": -25200, ""abbreviation"": ""MST"", ""gmtOffsetName"": ""UTC-07:00""}, {""tzName"": ""Mountain Standard Time (North America)"", ""zoneName"": ""America/Creston"", ""gmtOffset"": -25200, ""abbreviation"": ""MST"", ""gmtOffsetName"": ""UTC-07:00""}, {""tzName"": ""Mountain Standard Time (North America)"", ""zoneName"": ""America/Dawson"", ""gmtOffset"": -25200, ""abbreviation"": ""MST"", ""gmtOffsetName"": ""UTC-07:00""}, {""tzName"": ""Mountain Standard Time (North America)"", ""zoneName"": ""America/Dawson_Creek"", ""gmtOffset"": -25200, ""abbreviation"": ""MST"", ""gmtOffsetName"": ""UTC-07:00""}, {""tzName"": ""Mountain Standard Time (North America)"", ""zoneName"": ""America/Edmonton"", ""gmtOffset"": -25200, ""abbreviation"": ""MST"", ""gmtOffsetName"": ""UTC-07:00""}, {""tzName"": ""Mountain Standard Time (North America)"", ""zoneName"": ""America/Fort_Nelson"", ""gmtOffset"": -25200, ""abbreviation"": ""MST"", ""gmtOffsetName"": ""UTC-07:00""}, {""tzName"": ""Atlantic Standard Time"", ""zoneName"": ""America/Glace_Bay"", ""gmtOffset"": -14400, ""abbreviation"": ""AST"", ""gmtOffsetName"": ""UTC-04:00""}, {""tzName"": ""Atlantic Standard Time"", ""zoneName"": ""America/Goose_Bay"", ""gmtOffset"": -14400, ""abbreviation"": ""AST"", ""gmtOffsetName"": ""UTC-04:00""}, {""tzName"": ""Atlantic Standard Time"", ""zoneName"": ""America/Halifax"", ""gmtOffset"": -14400, ""abbreviation"": ""AST"", ""gmtOffsetName"": ""UTC-04:00""}, {""tzName"": ""Mountain Standard Time (North America"", ""zoneName"": ""America/Inuvik"", ""gmtOffset"": -25200, ""abbreviation"": ""MST"", ""gmtOffsetName"": ""UTC-07:00""}, {""tzName"": ""Eastern Standard Time (North America"", ""zoneName"": ""America/Iqaluit"", ""gmtOffset"": -18000, ""abbreviation"": ""EST"", ""gmtOffsetName"": ""UTC-05:00""}, {""tzName"": ""Atlantic Standard Time"", ""zoneName"": ""America/Moncton"", ""gmtOffset"": -14400, ""abbreviation"": ""AST"", ""gmtOffsetName"": ""UTC-04:00""}, {""tzName"": ""Eastern Standard Time (North America"", ""zoneName"": ""America/Nipigon"", ""gmtOffset"": -18000, ""abbreviation"": ""EST"", ""gmtOffsetName"": ""UTC-05:00""}, {""tzName"": ""Eastern Standard Time (North America"", ""zoneName"": ""America/Pangnirtung"", ""gmtOffset"": -18000, ""abbreviation"": ""EST"", ""gmtOffsetName"": ""UTC-05:00""}, {""tzName"": ""Central Standard Time (North America"", ""zoneName"": ""America/Rainy_River"", ""gmtOffset"": -21600, ""abbreviation"": ""CST"", ""gmtOffsetName"": ""UTC-06:00""}, {""tzName"": ""Central Standard Time (North America"", ""zoneName"": ""America/Rankin_Inlet"", ""gmtOffset"": -21600, ""abbreviation"": ""CST"", ""gmtOffsetName"": ""UTC-06:00""}, {""tzName"": ""Central Standard Time (North America"", ""zoneName"": ""America/Regina"", ""gmtOffset"": -21600, ""abbreviation"": ""CST"", ""gmtOffsetName"": ""UTC-06:00""}, {""tzName"": ""Central Standard Time (North America"", ""zoneName"": ""America/Resolute"", ""gmtOffset"": -21600, ""abbreviation"": ""CST"", ""gmtOffsetName"": ""UTC-06:00""}, {""tzName"": ""Newfoundland Standard Time"", ""zoneName"": ""America/St_Johns"", ""gmtOffset"": -12600, ""abbreviation"": ""NST"", ""gmtOffsetName"": ""UTC-03:30""}, {""tzName"": ""Central Standard Time (North America"", ""zoneName"": ""America/Swift_Current"", ""gmtOffset"": -21600, ""abbreviation"": ""CST"", ""gmtOffsetName"": ""UTC-06:00""}, {""tzName"": ""Eastern Standard Time (North America"", ""zoneName"": ""America/Thunder_Bay"", ""gmtOffset"": -18000, ""abbreviation"": ""EST"", ""gmtOffsetName"": ""UTC-05:00""}, {""tzName"": ""Eastern Standard Time (North America"", ""zoneName"": ""America/Toronto"", ""gmtOffset"": -18000, ""abbreviation"": ""EST"", ""gmtOffsetName"": ""UTC-05:00""}, {""tzName"": ""Pacific Standard Time (North America"", ""zoneName"": ""America/Vancouver"", ""gmtOffset"": -28800, ""abbreviation"": ""PST"", ""gmtOffsetName"": ""UTC-08:00""}, {""tzName"": ""Mountain Standard Time (North America"", ""zoneName"": ""America/Whitehorse"", ""gmtOffset"": -25200, ""abbreviation"": ""MST"", ""gmtOffsetName"": ""UTC-07:00""}, {""tzName"": ""Central Standard Time (North America"", ""zoneName"": ""America/Winnipeg"", ""gmtOffset"": -21600, ""abbreviation"": ""CST"", ""gmtOffsetName"": ""UTC-06:00""}, {""tzName"": ""Mountain Standard Time (North America"", ""zoneName"": ""America/Yellowknife"", ""gmtOffset"": -25200, ""abbreviation"": ""MST"", ""gmtOffsetName"": ""UTC-07:00""}]","{""de"": ""Kanada"", ""es"": ""Canadá"", ""fa"": ""کانادا"", ""fr"": ""Canada"", ""hr"": ""Kanada"", ""it"": ""Canada"", ""ja"": ""カナダ"", ""ko"": ""캐나다"", ""nl"": ""Canada"", ""pl"": ""Kanada"", ""pt"": ""Canadá"", ""ru"": ""Канада"", ""tr"": ""Kanada"", ""uk"": ""Канада"", ""pt-BR"": ""Canadá"", ""zh-CN"": ""加拿大""}",60.00000000,-95.00000000,🇨🇦,U+1F1E8 U+1F1E6,2018-07-21T12:41:03,2023-08-09T02:34:58,1,Q16,false,false
40,Cape Verde,CPV,132,CV,238,Praia,CVE,Cape Verdean escudo,$,.cv,Cabo Verde,Africa,Western Africa,Verdean,"[{""tzName"": ""Cape Verde Time"", ""zoneName"": ""Atlantic/Cape_Verde"", ""gmtOffset"": -3600, ""abbreviation"": ""CVT"", ""gmtOffsetName"": ""UTC-01:00""}]","{""de"": ""Kap Verde"", ""es"": ""Cabo Verde"", ""fa"": ""کیپ ورد"", ""fr"": ""Cap Vert"", ""hr"": ""Zelenortska Republika"", ""it"": ""Capo Verde"", ""ja"": ""カーボベルデ"", ""ko"": ""카보베르데"", ""nl"": ""Kaapverdië"", ""pl"": ""Republika Zielonego Przylądka"", ""pt"": ""Cabo Verde"", ""ru"": ""Кабо-Верде"", ""tr"": ""Cabo Verde"", ""uk"": ""Кабо-Верде"", ""pt-BR"": ""Cabo Verde"", ""zh-CN"": ""佛得角""}",16.00000000,-24.00000000,🇨🇻,U+1F1E8 U+1F1FB,2018-07-21T12:41:03,2023-08-09T02:34:58,1,Q1011,false,false
41,Cayman Islands,CYM,136,KY,1,George Town,KYD,Cayman Islands dollar,$,.ky,Cayman Islands,Americas,Caribbean,Caymanian,"[{""tzName"": ""Eastern Standard Time (North America"", ""zoneName"": ""America/Cayman"", ""gmtOffset"": -18000, ""abbreviation"": ""EST"", ""gmtOffsetName"": ""UTC-05:00""}]","{""de"": ""Kaimaninseln"", ""es"": ""Islas Caimán"", ""fa"": ""جزایر کیمن"", ""fr"": ""Îles Caïmans"", ""hr"": ""Kajmanski otoci"", ""it"": ""Isole Cayman"", ""ja"": ""ケイマン諸島"", ""ko"": ""케이먼 제도"", ""nl"": ""Caymaneilanden"", ""pl"": ""Kajmany"", ""pt"": ""Ilhas Caimão"", ""ru"": ""Каймановы острова"", ""tr"": ""Cayman Adalari"", ""uk"": ""Кайманові острови"", ""pt-BR"": ""Ilhas Cayman"", ""zh-CN"": ""开曼群岛""}",19.50000000,-80.50000000,🇰🇾,U+1F1F0 U+1F1FE,2018-07-21T12:41:03,2024-12-19T21:04:08,1,Q5785,false,false
42,Central African Republic,CAF,140,CF,236,Bangui,XAF,Central African CFA franc,FCFA,.cf,Ködörösêse tî Bêafrîka,Africa,Middle Africa,Central African,"[{""tzName"": ""West Africa Time"", ""zoneName"": ""Africa/Bangui"", ""gmtOffset"": 3600, ""abbreviation"": ""WAT"", ""gmtOffsetName"": ""UTC+01:00""}]","{""de"": ""Zentralafrikanische Republik"", ""es"": ""República Centroafricana"", ""fa"": ""جمهوری آفریقای مرکزی"", ""fr"": ""République centrafricaine"", ""hr"": ""Srednjoafrička Republika"", ""it"": ""Repubblica Centrafricana"", ""ja"": ""中央アフリカ共和国"", ""ko"": ""중앙아프리카 공화국"", ""nl"": ""Centraal-Afrikaanse Republiek"", ""pl"": ""Republika Środkowoafrykańska"", ""pt"": ""República Centro-Africana"", ""ru"": ""Центральноафриканская Республика"", ""tr"": ""Orta Afrika Cumhuriyeti"", ""uk"": ""Центральноафриканська Республіка"", ""pt-BR"": ""República Centro-Africana"", ""zh-CN"": ""中非""}",7.00000000,21.00000000,🇨🇫,U+1F1E8 U+1F1EB,2018-07-21T12:41:03,2023-08-09T02:34:58,1,Q929,false,false
43,Chad,TCD,148,TD,235,N'Djamena,XAF,Central African CFA franc,FCFA,.td,Tchad,Africa,Middle Africa,Chadian,"[{""tzName"": ""West Africa Time"", ""zoneName"": ""Africa/Ndjamena"", ""gmtOffset"": 3600, ""abbreviation"": ""WAT"", ""gmtOffsetName"": ""UTC+01:00""}]","{""de"": ""Tschad"", ""es"": ""Chad"", ""fa"": ""چاد"", ""fr"": ""Tchad"", ""hr"": ""Čad"", ""it"": ""Ciad"", ""ja"": ""チャド"", ""ko"": ""차드"", ""nl"": ""Tsjaad"", ""pl"": ""Czad"", ""pt"": ""Chade"", ""ru"": ""Чад"", ""tr"": ""Çad"", ""uk"": ""Чад."", ""pt-BR"": ""Chade"", ""zh-CN"": ""乍得""}",15.00000000,19.00000000,🇹🇩,U+1F1F9 U+1F1E9,2018-07-21T12:41:03,2023-08-09T02:34:58,1,Q657,false,false
44,Chile,CHL,152,CL,56,Santiago,CLP,Chilean peso,$,.cl,Chile,Americas,South America,Chilean,"[{""tzName"": ""Chile Summer Time"", ""zoneName"": ""America/Punta_Arenas"", ""gmtOffset"": -10800, ""abbreviation"": ""CLST"", ""gmtOffsetName"": ""UTC-03:00""}, {""tzName"": ""Chile Summer Time"", ""zoneName"": ""America/Santiago"", ""gmtOffset"": -10800, ""abbreviation"": ""CLST"", ""gmtOffsetName"": ""UTC-03:00""}, {""tzName"": ""Easter Island Summer Time"", ""zoneName"": ""Pacific/Easter"", ""gmtOffset"": -18000, ""abbreviation"": ""EASST"", ""gmtOffsetName"": ""UTC-05:00""}]","{""de"": ""Chile"", ""es"": ""Chile"", ""fa"": ""شیلی"", ""fr"": ""Chili"", ""hr"": ""Čile"", ""it"": ""Cile"", ""ja"": ""チリ"", ""ko"": ""칠리"", ""nl"": ""Chili"", ""pl"": ""Chile"", ""pt"": ""Chile"", ""ru"": ""Чили"", ""tr"": ""Şili"", ""uk"": ""Чилі"", ""pt-BR"": ""Chile"", ""zh-CN"": ""智利""}",-30.00000000,-71.00000000,🇨🇱,U+1F1E8 U+1F1F1,2018-07-21T12:41:03,2023-08-09T02:34:58,1,Q298,false,false
45,China,CHN,156,CN,86,Beijing,CNY,Chinese yuan,¥,.cn,中国,Asia,Eastern Asia,Chinese,"[{""tzName"": ""China Standard Time"", ""zoneName"": ""Asia/Shanghai"", ""gmtOffset"": 28800, ""abbreviation"": ""CST"", ""gmtOffsetName"": ""UTC+08:00""}, {""tzName"": ""China Standard Time"", ""zoneName"": ""Asia/Urumqi"", ""gmtOffset"": 21600, ""abbreviation"": ""XJT"", ""gmtOffsetName"": ""UTC+06:00""}]","{""de"": ""China"", ""es"": ""China"", ""fa"": ""چین"", ""fr"": ""Chine"", ""hr"": ""Kina"", ""it"": ""Cina"", ""ja"": ""中国"", ""ko"": ""중국"", ""nl"": ""China"", ""pl"": ""Chiny"", ""pt"": ""China"", ""ru"": ""Китай"", ""tr"": ""Çin"", ""uk"": ""Китай"", ""pt-BR"": ""China"", ""zh-CN"": ""中国""}",35.00000000,105.00000000,🇨🇳,U+1F1E8 U+1F1F3,2018-07-21T12:41:03,2023-08-09T02:34:58,1,Q148,false,false
55,Croatia,HRV,191,HR,385,Zagreb,EUR,Euro,€,.hr,Hrvatska,Europe,Southern Europe,Croatian,"[{""tzName"": ""Central European Time"", ""zoneName"": ""Europe/Zagreb"", ""gmtOffset"": 3600, ""abbreviation"": ""CET"", ""gmtOffsetName"": ""UTC+01:00""}]","{""de"": ""Kroatien"", ""es"": ""Croacia"", ""fa"": ""کرواسی"", ""fr"": ""Croatie"", ""hr"": ""Hrvatska"", ""it"": ""Croazia"", ""ja"": ""クロアチア"", ""ko"": ""크로아티아"", ""nl"": ""Kroatië"", ""pl"": ""Chorwacja"", ""pt"": ""Croácia"", ""ru"": ""Хорватия"", ""tr"": ""Hirvatistan"", ""uk"": ""Хорватія"", ""pt-BR"": ""Croácia"", ""zh-CN"": ""克罗地亚""}",45.16666666,15.50000000,🇭🇷,U+1F1ED U+1F1F7,2018-07-21T12:41:03,2023-08-09T02:34:58,1,Q224,false,false
68,Eritrea,ERI,232,ER,291,Asmara,ERN,Eritrean nakfa,Nfk,.er,ኤርትራ,Africa,Eastern Africa,Eritrean,"[{""tzName"": ""East Africa Time"", ""zoneName"": ""Africa/Asmara"", ""gmtOffset"": 10800, ""abbreviation"": ""EAT"", ""gmtOffsetName"": ""UTC+03:00""}]","{""de"": ""Eritrea"", ""es"": ""Eritrea"", ""fa"": ""اریتره"", ""fr"": ""Érythrée"", ""hr"": ""Eritreja"", ""it"": ""Eritrea"", ""ja"": ""エリトリア"", ""ko"": ""에리트레아"", ""nl"": ""Eritrea"", ""pl"": ""Erytrea"", ""pt"": ""Eritreia"", ""ru"": ""Эритрея"", ""tr"": ""Eritre"", ""uk"": ""Еритрея"", ""pt-BR"": ""Eritreia"", ""zh-CN"": ""厄立特里亚""}",15.00000000,39.00000000,🇪🇷,U+1F1EA U+1F1F7,2018-07-21T12:41:03,2023-08-09T02:34:58,1,Q986,false,false
47,Cocos (Keeling) Islands,CCK,166,CC,61,West Island,AUD,Australian dollar,$,.cc,Cocos (Keeling) Islands,Oceania,Australia and New Zealand,Cocos Island,"[{""tzName"": ""Cocos Islands Time"", ""zoneName"": ""Indian/Cocos"", ""gmtOffset"": 23400, ""abbreviation"": ""CCT"", ""gmtOffsetName"": ""UTC+06:30""}]","{""de"": ""Kokosinseln"", ""es"": ""Islas Cocos o Islas Keeling"", ""fa"": ""جزایر کوکوس"", ""fr"": ""Îles Cocos"", ""hr"": ""Kokosovi Otoci"", ""it"": ""Isole Cocos e Keeling"", ""ja"": ""ココス（キーリング）諸島"", ""ko"": ""코코스 제도"", ""nl"": ""Cocoseilanden"", ""pl"": ""Wyspy Kokosowe (Keelinga)"", ""pt"": ""Ilhas dos Cocos"", ""ru"": ""Кокосовые (Килинг) острова"", ""tr"": ""Cocos Adalari"", ""uk"": ""Кокосові (Кілінг) острови"", ""pt-BR"": ""Ilhas Cocos"", ""zh-CN"": ""科科斯（基林）群岛""}",-12.50000000,96.83333333,🇨🇨,U+1F1E8 U+1F1E8,2018-07-21T12:41:03,2024-12-19T21:04:08,1,Q36004,false,false
48,Colombia,COL,170,CO,57,Bogotá,COP,Colombian peso,$,.co,Colombia,Americas,South America,Colombian,"[{""tzName"": ""Colombia Time"", ""zoneName"": ""America/Bogota"", ""gmtOffset"": -18000, ""abbreviation"": ""COT"", ""gmtOffsetName"": ""UTC-05:00""}]","{""de"": ""Kolumbien"", ""es"": ""Colombia"", ""fa"": ""کلمبیا"", ""fr"": ""Colombie"", ""hr"": ""Kolumbija"", ""it"": ""Colombia"", ""ja"": ""コロンビア"", ""ko"": ""콜롬비아"", ""nl"": ""Colombia"", ""pl"": ""Kolumbia"", ""pt"": ""Colômbia"", ""ru"": ""Колумбия"", ""tr"": ""Kolombiya"", ""uk"": ""Колумбія"", ""pt-BR"": ""Colômbia"", ""zh-CN"": ""哥伦比亚""}",4.00000000,-72.00000000,🇨🇴,U+1F1E8 U+1F1F4,2018-07-21T12:41:03,2023-08-09T02:34:58,1,Q739,false,false
49,Comoros,COM,174,KM,269,Moroni,KMF,Comorian franc,CF,.km,Komori,Africa,Eastern Africa,"Comoran, Comorian","[{""tzName"": ""East Africa Time"", ""zoneName"": ""Indian/Comoro"", ""gmtOffset"": 10800, ""abbreviation"": ""EAT"", ""gmtOffsetName"": ""UTC+03:00""}]","{""de"": ""Union der Komoren"", ""es"": ""Comoras"", ""fa"": ""کومور"", ""fr"": ""Comores"", ""hr"": ""Komori"", ""it"": ""Comore"", ""ja"": ""コモロ"", ""ko"": ""코모로"", ""nl"": ""Comoren"", ""pl"": ""Komory"", ""pt"": ""Comores"", ""ru"": ""Коморские острова"", ""tr"": ""Komorlar"", ""uk"": ""Коморські острови"", ""pt-BR"": ""Comores"", ""zh-CN"": ""科摩罗""}",-12.16666666,44.25000000,🇰🇲,U+1F1F0 U+1F1F2,2018-07-21T12:41:03,2023-08-11T21:15:55,1,Q970,false,false
50,Congo,COG,178,CG,242,Brazzaville,XAF,Congolese Franc,CDF,.cg,République du Congo,Africa,Middle Africa,Congolese,"[{""tzName"": ""West Africa Time"", ""zoneName"": ""Africa/Brazzaville"", ""gmtOffset"": 3600, ""abbreviation"": ""WAT"", ""gmtOffsetName"": ""UTC+01:00""}]","{""de"": ""Kongo"", ""es"": ""Congo"", ""fa"": ""کنگو"", ""fr"": ""Congo"", ""hr"": ""Kongo"", ""it"": ""Congo"", ""ja"": ""コンゴ共和国"", ""ko"": ""콩고"", ""nl"": ""Congo [Republiek]"", ""pl"": ""Kongo"", ""pt"": ""Congo"", ""ru"": ""Конго"", ""tr"": ""Kongo"", ""uk"": ""Конго"", ""pt-BR"": ""Congo"", ""zh-CN"": ""刚果""}",-1.00000000,15.00000000,🇨🇬,U+1F1E8 U+1F1EC,2018-07-21T12:41:03,2024-12-23T15:55:22,1,Q971,false,false
51,Democratic Republic of the Congo,COD,180,CD,243,Kinshasa,CDF,Congolese Franc,FC,.cd,République démocratique du Congo,Africa,Middle Africa,Congolese,"[{""tzName"": ""West Africa Time"", ""zoneName"": ""Africa/Kinshasa"", ""gmtOffset"": 3600, ""abbreviation"": ""WAT"", ""gmtOffsetName"": ""UTC+01:00""}, {""tzName"": ""Central Africa Time"", ""zoneName"": ""Africa/Lubumbashi"", ""gmtOffset"": 7200, ""abbreviation"": ""CAT"", ""gmtOffsetName"": ""UTC+02:00""}]","{""de"": ""Kongo (Dem. Rep.)"", ""es"": ""Congo (Rep. Dem.)"", ""fa"": ""جمهوری کنگو"", ""fr"": ""Congo (Rép. dém.)"", ""hr"": ""Kongo, Demokratska Republika"", ""it"": ""Congo (Rep. Dem.)"", ""ja"": ""コンゴ民主共和国"", ""ko"": ""콩고 민주 공화국"", ""nl"": ""Congo [DRC]"", ""pl"": ""Demokratyczna Republika Konga"", ""pt"": ""RD Congo"", ""ru"": ""Демократическая Республика Конго"", ""tr"": ""Kongo Demokratik Cumhuriyeti"", ""uk"": ""Демократична Республіка Конго"", ""pt-BR"": ""RD Congo"", ""zh-CN"": ""刚果（金）""}",0E-8,25.00000000,🇨🇩,U+1F1E8 U+1F1E9,2018-07-21T12:41:03,2023-08-09T02:34:58,1,Q974,false,false
52,Cook Islands,COK,184,CK,682,Avarua,NZD,New Zealand dollar,$,.ck,Cook Islands,Oceania,Polynesia,Cook Island,"[{""tzName"": ""Cook Island Time"", ""zoneName"": ""Pacific/Rarotonga"", ""gmtOffset"": -36000, ""abbreviation"": ""CKT"", ""gmtOffsetName"": ""UTC-10:00""}]","{""de"": ""Cookinseln"", ""es"": ""Islas Cook"", ""fa"": ""جزایر کوک"", ""fr"": ""Îles Cook"", ""hr"": ""Cookovo Otočje"", ""it"": ""Isole Cook"", ""ja"": ""クック諸島"", ""ko"": ""쿡 제도"", ""nl"": ""Cookeilanden"", ""pl"": ""Wyspy Cooka"", ""pt"": ""Ilhas Cook"", ""ru"": ""Острова Кука"", ""tr"": ""Cook Adalari"", ""uk"": ""Острови Кука"", ""pt-BR"": ""Ilhas Cook"", ""zh-CN"": ""库克群岛""}",-21.23333333,-159.76666666,🇨🇰,U+1F1E8 U+1F1F0,2018-07-21T12:41:03,2024-12-23T15:33:12,1,Q26988,false,false
53,Costa Rica,CRI,188,CR,506,San Jose,CRC,Costa Rican colón,₡,.cr,Costa Rica,Americas,Central America,Costa Rican,"[{""tzName"": ""Central Standard Time (North America"", ""zoneName"": ""America/Costa_Rica"", ""gmtOffset"": -21600, ""abbreviation"": ""CST"", ""gmtOffsetName"": ""UTC-06:00""}]","{""de"": ""Costa Rica"", ""es"": ""Costa Rica"", ""fa"": ""کاستاریکا"", ""fr"": ""Costa Rica"", ""hr"": ""Kostarika"", ""it"": ""Costa Rica"", ""ja"": ""コスタリカ"", ""ko"": ""코스타리카"", ""nl"": ""Costa Rica"", ""pl"": ""Kostaryka"", ""pt"": ""Costa Rica"", ""ru"": ""Коста-Рика"", ""tr"": ""Kosta Rika"", ""uk"": ""Коста-Ріка"", ""pt-BR"": ""Costa Rica"", ""zh-CN"": ""哥斯达黎加""}",10.00000000,-84.00000000,🇨🇷,U+1F1E8 U+1F1F7,2018-07-21T12:41:03,2023-08-09T02:34:58,1,Q800,false,false
54,Cote D'Ivoire (Ivory Coast),CIV,384,CI,225,Yamoussoukro,XOF,West African CFA franc,CFA,.ci,,Africa,Western Africa,Ivorian,"[{""tzName"": ""Greenwich Mean Time"", ""zoneName"": ""Africa/Abidjan"", ""gmtOffset"": 0, ""abbreviation"": ""GMT"", ""gmtOffsetName"": ""UTC±00""}]","{""de"": ""Elfenbeinküste"", ""es"": ""Costa de Marfil"", ""fa"": ""ساحل عاج"", ""fr"": ""Côte d'Ivoire"", ""hr"": ""Obala Bjelokosti"", ""it"": ""Costa D'Avorio"", ""ja"": ""コートジボワール"", ""ko"": ""코트디부아르"", ""nl"": ""Ivoorkust"", ""pl"": ""Cote D'Ivoire (Wybrzeże Kości Słoniowej)"", ""pt"": ""Costa do Marfim"", ""ru"": ""Кот-д'Ивуар (Берег Слоновой Кости)"", ""tr"": ""Kotdivuar"", ""uk"": ""Кот-д'Івуар (Берег Слонової Кістки)"", ""pt-BR"": ""Costa do Marfim"", ""zh-CN"": ""科特迪瓦""}",8.00000000,-5.00000000,🇨🇮,U+1F1E8 U+1F1EE,2018-07-21T12:41:03,2023-08-09T02:34:58,1,Q1008,false,false
57,Cyprus,CYP,196,CY,357,Nicosia,EUR,Euro,€,.cy,Κύπρος,Europe,Southern Europe,Cypriot,"[{""tzName"": ""Eastern European Time"", ""zoneName"": ""Asia/Famagusta"", ""gmtOffset"": 7200, ""abbreviation"": ""EET"", ""gmtOffsetName"": ""UTC+02:00""}, {""tzName"": ""Eastern European Time"", ""zoneName"": ""Asia/Nicosia"", ""gmtOffset"": 7200, ""abbreviation"": ""EET"", ""gmtOffsetName"": ""UTC+02:00""}]","{""de"": ""Zypern"", ""es"": ""Chipre"", ""fa"": ""قبرس"", ""fr"": ""Chypre"", ""hr"": ""Cipar"", ""it"": ""Cipro"", ""ja"": ""キプロス"", ""ko"": ""키프로스"", ""nl"": ""Cyprus"", ""pl"": ""Cypr"", ""pt"": ""Chipre"", ""ru"": ""Кипр"", ""tr"": ""Kuzey Kıbrıs Türk Cumhuriyeti"", ""uk"": ""Кіпр"", ""pt-BR"": ""Chipre"", ""zh-CN"": ""塞浦路斯""}",35.00000000,33.00000000,🇨🇾,U+1F1E8 U+1F1FE,2018-07-21T12:41:03,2023-08-09T02:34:58,1,Q229,false,false
58,Czech Republic,CZE,203,CZ,420,Prague,CZK,Czech koruna,Kč,.cz,Česká republika,Europe,Eastern Europe,Czech,"[{""tzName"": ""Central European Time"", ""zoneName"": ""Europe/Prague"", ""gmtOffset"": 3600, ""abbreviation"": ""CET"", ""gmtOffsetName"": ""UTC+01:00""}]","{""de"": ""Tschechische Republik"", ""es"": ""República Checa"", ""fa"": ""جمهوری چک"", ""fr"": ""République tchèque"", ""hr"": ""Češka"", ""it"": ""Repubblica Ceca"", ""ja"": ""チェコ"", ""ko"": ""체코"", ""nl"": ""Tsjechië"", ""pl"": ""Republika Czeska"", ""pt"": ""República Checa"", ""ru"": ""Чешская Республика"", ""tr"": ""Çekya"", ""uk"": ""Чеська Республіка"", ""pt-BR"": ""República Tcheca"", ""zh-CN"": ""捷克""}",49.75000000,15.50000000,🇨🇿,U+1F1E8 U+1F1FF,2018-07-21T12:41:03,2024-09-05T17:11:18,1,Q213,false,false
59,Denmark,DNK,208,DK,45,Copenhagen,DKK,Danish krone,Kr.,.dk,Danmark,Europe,Northern Europe,Danish,"[{""tzName"": ""Central European Time"", ""zoneName"": ""Europe/Copenhagen"", ""gmtOffset"": 3600, ""abbreviation"": ""CET"", ""gmtOffsetName"": ""UTC+01:00""}]","{""de"": ""Dänemark"", ""es"": ""Dinamarca"", ""fa"": ""دانمارک"", ""fr"": ""Danemark"", ""hr"": ""Danska"", ""it"": ""Danimarca"", ""ja"": ""デンマーク"", ""ko"": ""덴마크"", ""nl"": ""Denemarken"", ""pl"": ""Dania"", ""pt"": ""Dinamarca"", ""ru"": ""Дания"", ""tr"": ""Danimarka"", ""uk"": ""Данія"", ""pt-BR"": ""Dinamarca"", ""zh-CN"": ""丹麦""}",56.00000000,10.00000000,🇩🇰,U+1F1E9 U+1F1F0,2018-07-21T12:41:03,2023-08-09T02:34:58,1,Q35,false,false
60,Djibouti,DJI,262,DJ,253,Djibouti,DJF,Djiboutian franc,Fdj,.dj,Djibouti,Africa,Eastern Africa,Djiboutian,"[{""tzName"": ""East Africa Time"", ""zoneName"": ""Africa/Djibouti"", ""gmtOffset"": 10800, ""abbreviation"": ""EAT"", ""gmtOffsetName"": ""UTC+03:00""}]","{""de"": ""Dschibuti"", ""es"": ""Yibuti"", ""fa"": ""جیبوتی"", ""fr"": ""Djibouti"", ""hr"": ""Džibuti"", ""it"": ""Gibuti"", ""ja"": ""ジブチ"", ""ko"": ""지부티"", ""nl"": ""Djibouti"", ""pl"": ""Dżibuti"", ""pt"": ""Djibuti"", ""ru"": ""Джибути"", ""tr"": ""Cibuti"", ""uk"": ""Джибуті"", ""pt-BR"": ""Djibuti"", ""zh-CN"": ""吉布提""}",11.50000000,43.00000000,🇩🇯,U+1F1E9 U+1F1EF,2018-07-21T12:41:03,2023-08-09T02:34:58,1,Q977,false,false
61,Dominica,DMA,212,DM,1,Roseau,XCD,Eastern Caribbean dollar,$,.dm,Dominica,Americas,Caribbean,Dominican,"[{""tzName"": ""Atlantic Standard Time"", ""zoneName"": ""America/Dominica"", ""gmtOffset"": -14400, ""abbreviation"": ""AST"", ""gmtOffsetName"": ""UTC-04:00""}]","{""de"": ""Dominica"", ""es"": ""Dominica"", ""fa"": ""دومینیکا"", ""fr"": ""Dominique"", ""hr"": ""Dominika"", ""it"": ""Dominica"", ""ja"": ""ドミニカ国"", ""ko"": ""도미니카 연방"", ""nl"": ""Dominica"", ""pl"": ""Dominika"", ""pt"": ""Dominica"", ""ru"": ""Доминика"", ""tr"": ""Dominika"", ""uk"": ""Домініка"", ""pt-BR"": ""Dominica"", ""zh-CN"": ""多米尼加""}",15.41666666,-61.33333333,🇩🇲,U+1F1E9 U+1F1F2,2018-07-21T12:41:03,2024-09-05T16:47:03,1,Q784,false,false
62,Dominican Republic,DOM,214,DO,1,Santo Domingo,DOP,Dominican peso,$,.do,República Dominicana,Americas,Caribbean,Dominican,"[{""tzName"": ""Atlantic Standard Time"", ""zoneName"": ""America/Santo_Domingo"", ""gmtOffset"": -14400, ""abbreviation"": ""AST"", ""gmtOffsetName"": ""UTC-04:00""}]","{""de"": ""Dominikanische Republik"", ""es"": ""República Dominicana"", ""fa"": ""جمهوری دومینیکن"", ""fr"": ""République dominicaine"", ""hr"": ""Dominikanska Republika"", ""it"": ""Repubblica Dominicana"", ""ja"": ""ドミニカ共和国"", ""ko"": ""도미니카 공화국"", ""nl"": ""Dominicaanse Republiek"", ""pl"": ""Republika Dominikańska"", ""pt"": ""República Dominicana"", ""ru"": ""Доминиканская Республика"", ""tr"": ""Dominik Cumhuriyeti"", ""uk"": ""Домініканська Республіка"", ""pt-BR"": ""República Dominicana"", ""zh-CN"": ""多明尼加共和国""}",19.00000000,-70.66666666,🇩🇴,U+1F1E9 U+1F1F4,2018-07-21T12:41:03,2024-09-05T16:47:03,1,Q786,false,false
63,Timor-Leste,TLS,626,TL,670,Dili,USD,United States dollar,$,.tl,Timor-Leste,Asia,South-Eastern Asia,Timorese,"[{""tzName"": ""Timor Leste Time"", ""zoneName"": ""Asia/Dili"", ""gmtOffset"": 32400, ""abbreviation"": ""TLT"", ""gmtOffsetName"": ""UTC+09:00""}]","{""de"": ""Timor-Leste"", ""es"": ""Timor Oriental"", ""fa"": ""تیمور شرقی"", ""fr"": ""Timor oriental"", ""hr"": ""Istočni Timor"", ""it"": ""Timor Est"", ""ja"": ""東ティモール"", ""ko"": ""동티모르"", ""nl"": ""Oost-Timor"", ""pl"": ""Timor Wschodni"", ""pt"": ""Timor Leste"", ""ru"": ""Тимор-Лешти"", ""tr"": ""Doğu Timor"", ""uk"": ""Тимор-Лешті"", ""pt-BR"": ""Timor Leste"", ""zh-CN"": ""东帝汶""}",-8.83333333,125.91666666,🇹🇱,U+1F1F9 U+1F1F1,2018-07-21T12:41:03,2023-08-11T21:15:55,1,Q574,false,false
64,Ecuador,ECU,218,EC,593,Quito,USD,United States dollar,$,.ec,Ecuador,Americas,South America,Ecuadorian,"[{""tzName"": ""Ecuador Time"", ""zoneName"": ""America/Guayaquil"", ""gmtOffset"": -18000, ""abbreviation"": ""ECT"", ""gmtOffsetName"": ""UTC-05:00""}, {""tzName"": ""Galápagos Time"", ""zoneName"": ""Pacific/Galapagos"", ""gmtOffset"": -21600, ""abbreviation"": ""GALT"", ""gmtOffsetName"": ""UTC-06:00""}]","{""de"": ""Ecuador"", ""es"": ""Ecuador"", ""fa"": ""اکوادور"", ""fr"": ""Équateur"", ""hr"": ""Ekvador"", ""it"": ""Ecuador"", ""ja"": ""エクアドル"", ""ko"": ""에콰도르"", ""nl"": ""Ecuador"", ""pl"": ""Ekwador"", ""pt"": ""Equador"", ""ru"": ""Эквадор"", ""tr"": ""Ekvator"", ""uk"": ""Еквадор"", ""pt-BR"": ""Equador"", ""zh-CN"": ""厄瓜多尔""}",-2.00000000,-77.50000000,🇪🇨,U+1F1EA U+1F1E8,2018-07-21T12:41:03,2023-08-09T02:34:58,1,Q736,false,false
65,Egypt,EGY,818,EG,20,Cairo,EGP,Egyptian pound,ج.م,.eg,مصر‎,Africa,Northern Africa,Egyptian,"[{""tzName"": ""Eastern European Time"", ""zoneName"": ""Africa/Cairo"", ""gmtOffset"": 7200, ""abbreviation"": ""EET"", ""gmtOffsetName"": ""UTC+02:00""}]","{""de"": ""Ägypten"", ""es"": ""Egipto"", ""fa"": ""مصر"", ""fr"": ""Égypte"", ""hr"": ""Egipat"", ""it"": ""Egitto"", ""ja"": ""エジプト"", ""ko"": ""이집트"", ""nl"": ""Egypte"", ""pl"": ""Egipt"", ""pt"": ""Egipto"", ""ru"": ""Египет"", ""tr"": ""Mısır"", ""uk"": ""Єгипет"", ""pt-BR"": ""Egito"", ""zh-CN"": ""埃及""}",27.00000000,30.00000000,🇪🇬,U+1F1EA U+1F1EC,2018-07-21T12:41:03,2023-08-09T02:34:58,1,Q79,false,false
66,El Salvador,SLV,222,SV,503,San Salvador,USD,United States dollar,$,.sv,El Salvador,Americas,Central America,Salvadoran,"[{""tzName"": ""Central Standard Time (North America"", ""zoneName"": ""America/El_Salvador"", ""gmtOffset"": -21600, ""abbreviation"": ""CST"", ""gmtOffsetName"": ""UTC-06:00""}]","{""de"": ""El Salvador"", ""es"": ""El Salvador"", ""fa"": ""السالوادور"", ""fr"": ""Salvador"", ""hr"": ""Salvador"", ""it"": ""El Salvador"", ""ja"": ""エルサルバドル"", ""ko"": ""엘살바도르"", ""nl"": ""El Salvador"", ""pl"": ""Salwador"", ""pt"": ""El Salvador"", ""ru"": ""Сальвадор"", ""tr"": ""El Salvador"", ""uk"": ""Сальвадор"", ""pt-BR"": ""El Salvador"", ""zh-CN"": ""萨尔瓦多""}",13.83333333,-88.91666666,🇸🇻,U+1F1F8 U+1F1FB,2018-07-21T12:41:03,2023-08-09T02:34:58,1,Q792,false,false
67,Equatorial Guinea,GNQ,226,GQ,240,Malabo,XAF,Central African CFA franc,FCFA,.gq,Guinea Ecuatorial,Africa,Middle Africa,"Equatorial Guinean, Equatoguinean","[{""tzName"": ""West Africa Time"", ""zoneName"": ""Africa/Malabo"", ""gmtOffset"": 3600, ""abbreviation"": ""WAT"", ""gmtOffsetName"": ""UTC+01:00""}]","{""de"": ""Äquatorial-Guinea"", ""es"": ""Guinea Ecuatorial"", ""fa"": ""گینه استوایی"", ""fr"": ""Guinée-Équatoriale"", ""hr"": ""Ekvatorijalna Gvineja"", ""it"": ""Guinea Equatoriale"", ""ja"": ""赤道ギニア"", ""ko"": ""적도 기니"", ""nl"": ""Equatoriaal-Guinea"", ""pl"": ""Gwinea Równikowa"", ""pt"": ""Guiné Equatorial"", ""ru"": ""Экваториальная Гвинея"", ""tr"": ""Ekvator Ginesi"", ""uk"": ""Екваторіальна Гвінея"", ""pt-BR"": ""Guiné Equatorial"", ""zh-CN"": ""赤道几内亚""}",2.00000000,10.00000000,🇬🇶,U+1F1EC U+1F1F6,2018-07-21T12:41:03,2023-08-09T02:34:58,1,Q983,false,false
69,Estonia,EST,233,EE,372,Tallinn,EUR,Euro,€,.ee,Eesti,Europe,Northern Europe,Estonian,"[{""tzName"": ""Eastern European Time"", ""zoneName"": ""Europe/Tallinn"", ""gmtOffset"": 7200, ""abbreviation"": ""EET"", ""gmtOffsetName"": ""UTC+02:00""}]","{""de"": ""Estland"", ""es"": ""Estonia"", ""fa"": ""استونی"", ""fr"": ""Estonie"", ""hr"": ""Estonija"", ""it"": ""Estonia"", ""ja"": ""エストニア"", ""ko"": ""에스토니아"", ""nl"": ""Estland"", ""pl"": ""Estonia"", ""pt"": ""Estónia"", ""ru"": ""Эстония"", ""tr"": ""Estonya"", ""uk"": ""Естонія"", ""pt-BR"": ""Estônia"", ""zh-CN"": ""爱沙尼亚""}",59.00000000,26.00000000,🇪🇪,U+1F1EA U+1F1EA,2018-07-21T12:41:03,2023-08-09T02:34:58,1,Q191,false,false
70,Ethiopia,ETH,231,ET,251,Addis Ababa,ETB,Ethiopian birr,Nkf,.et,ኢትዮጵያ,Africa,Eastern Africa,Ethiopian,"[{""tzName"": ""East Africa Time"", ""zoneName"": ""Africa/Addis_Ababa"", ""gmtOffset"": 10800, ""abbreviation"": ""EAT"", ""gmtOffsetName"": ""UTC+03:00""}]","{""de"": ""Äthiopien"", ""es"": ""Etiopía"", ""fa"": ""اتیوپی"", ""fr"": ""Éthiopie"", ""hr"": ""Etiopija"", ""it"": ""Etiopia"", ""ja"": ""エチオピア"", ""ko"": ""에티오피아"", ""nl"": ""Ethiopië"", ""pl"": ""Etiopia"", ""pt"": ""Etiópia"", ""ru"": ""Эфиопия"", ""tr"": ""Etiyopya"", ""uk"": ""Ефіопія"", ""pt-BR"": ""Etiópia"", ""zh-CN"": ""埃塞俄比亚""}",8.00000000,38.00000000,🇪🇹,U+1F1EA U+1F1F9,2018-07-21T12:41:03,2023-08-09T02:34:58,1,Q115,false,false
71,Falkland Islands,FLK,238,FK,500,Stanley,FKP,Falkland Islands pound,£,.fk,Falkland Islands,Americas,South America,Falkland Island,"[{""tzName"": ""Falkland Islands Summer Time"", ""zoneName"": ""Atlantic/Stanley"", ""gmtOffset"": -10800, ""abbreviation"": ""FKST"", ""gmtOffsetName"": ""UTC-03:00""}]","{""de"": ""Falklandinseln"", ""es"": ""Islas Malvinas"", ""fa"": ""جزایر فالکلند"", ""fr"": ""Îles Malouines"", ""hr"": ""Falklandski Otoci"", ""it"": ""Isole Falkland o Isole Malvine"", ""ja"": ""フォークランド（マルビナス）諸島"", ""ko"": ""포클랜드 제도"", ""nl"": ""Falklandeilanden [Islas Malvinas]"", ""pl"": ""Falklandy"", ""pt"": ""Ilhas Falkland"", ""ru"": ""Фолклендские острова"", ""tr"": ""Falkland Adalari"", ""uk"": ""Фолклендські острови"", ""pt-BR"": ""Ilhas Malvinas"", ""zh-CN"": ""福克兰群岛""}",-51.75000000,-59.00000000,🇫🇰,U+1F1EB U+1F1F0,2018-07-21T12:41:03,2024-12-19T21:04:08,1,Q9648,false,false
72,Faroe Islands,FRO,234,FO,298,Torshavn,DKK,Danish krone,Kr.,.fo,Føroyar,Europe,Northern Europe,Faroese,"[{""tzName"": ""Western European Time"", ""zoneName"": ""Atlantic/Faroe"", ""gmtOffset"": 0, ""abbreviation"": ""WET"", ""gmtOffsetName"": ""UTC±00""}]","{""de"": ""Färöer-Inseln"", ""es"": ""Islas Faroe"", ""fa"": ""جزایر فارو"", ""fr"": ""Îles Féroé"", ""hr"": ""Farski Otoci"", ""it"": ""Isole Far Oer"", ""ja"": ""フェロー諸島"", ""ko"": ""페로 제도"", ""nl"": ""Faeröer"", ""pl"": ""Wyspy Owcze"", ""pt"": ""Ilhas Faroé"", ""ru"": ""Фарерские острова"", ""tr"": ""Faroe Adalari"", ""uk"": ""Фарерські острови"", ""pt-BR"": ""Ilhas Faroé"", ""zh-CN"": ""法罗群岛""}",62.00000000,-7.00000000,🇫🇴,U+1F1EB U+1F1F4,2018-07-21T12:41:03,2024-12-19T21:04:08,1,Q4628,false,false
73,Fiji Islands,FJI,242,FJ,679,Suva,FJD,Fijian dollar,FJ$,.fj,Fiji,Oceania,Melanesia,Fijian,"[{""tzName"": ""Fiji Time"", ""zoneName"": ""Pacific/Fiji"", ""gmtOffset"": 43200, ""abbreviation"": ""FJT"", ""gmtOffsetName"": ""UTC+12:00""}]","{""de"": ""Fidschi"", ""es"": ""Fiyi"", ""fa"": ""فیجی"", ""fr"": ""Fidji"", ""hr"": ""Fiđi"", ""it"": ""Figi"", ""ja"": ""フィジー"", ""ko"": ""피지"", ""nl"": ""Fiji"", ""pl"": ""Wyspy Fidżi"", ""pt"": ""Fiji"", ""ru"": ""Острова Фиджи"", ""tr"": ""Fiji"", ""uk"": ""Острови Фіджі"", ""pt-BR"": ""Fiji"", ""zh-CN"": ""斐济""}",-18.00000000,175.00000000,🇫🇯,U+1F1EB U+1F1EF,2018-07-21T12:41:03,2023-08-09T02:34:58,1,Q712,false,false
75,France,FRA,250,FR,33,Paris,EUR,Euro,€,.fr,France,Europe,Western Europe,French,"[{""tzName"": ""Central European Time"", ""zoneName"": ""Europe/Paris"", ""gmtOffset"": 3600, ""abbreviation"": ""CET"", ""gmtOffsetName"": ""UTC+01:00""}]","{""de"": ""Frankreich"", ""es"": ""Francia"", ""fa"": ""فرانسه"", ""fr"": ""France"", ""hr"": ""Francuska"", ""it"": ""Francia"", ""ja"": ""フランス"", ""ko"": ""프랑스"", ""nl"": ""Frankrijk"", ""pl"": ""Francja"", ""pt"": ""França"", ""ru"": ""Франция"", ""tr"": ""Fransa"", ""uk"": ""Франція"", ""pt-BR"": ""França"", ""zh-CN"": ""法国""}",46.00000000,2.00000000,🇫🇷,U+1F1EB U+1F1F7,2018-07-21T12:41:03,2023-08-09T02:34:58,1,Q142,false,false
76,French Guiana,GUF,254,GF,594,Cayenne,EUR,Euro,€,.gf,Guyane française,Americas,South America,French Guianese,"[{""tzName"": ""French Guiana Time"", ""zoneName"": ""America/Cayenne"", ""gmtOffset"": -10800, ""abbreviation"": ""GFT"", ""gmtOffsetName"": ""UTC-03:00""}]","{""de"": ""Französisch Guyana"", ""es"": ""Guayana Francesa"", ""fa"": ""گویان فرانسه"", ""fr"": ""Guayane"", ""hr"": ""Francuska Gvajana"", ""it"": ""Guyana francese"", ""ja"": ""フランス領ギアナ"", ""ko"": ""프랑스령 기아나"", ""nl"": ""Frans-Guyana"", ""pl"": ""Gujana Francuska"", ""pt"": ""Guiana Francesa"", ""ru"": ""Французская Гвиана"", ""tr"": ""Fransiz Guyanasi"", ""uk"": ""Французька Гвіана"", ""pt-BR"": ""Guiana Francesa"", ""zh-CN"": ""法属圭亚那""}",4.00000000,-53.00000000,🇬🇫,U+1F1EC U+1F1EB,2018-07-21T12:41:03,2024-12-19T21:04:08,1,Q3769,false,false
106,Israel,ISR,376,IL,972,Jerusalem,ILS,Israeli new shekel,₪,.il,יִשְׂרָאֵל,Asia,Western Asia,Israeli,"[{""tzName"": ""Israel Standard Time"", ""zoneName"": ""Asia/Jerusalem"", ""gmtOffset"": 7200, ""abbreviation"": ""IST"", ""gmtOffsetName"": ""UTC+02:00""}]","{""de"": ""Israel"", ""es"": ""Israel"", ""fa"": ""اسرائیل"", ""fr"": ""Israël"", ""hr"": ""Izrael"", ""it"": ""Israele"", ""ja"": ""イスラエル"", ""ko"": ""이스라엘"", ""nl"": ""Israël"", ""pl"": ""Izrael"", ""pt"": ""Israel"", ""ru"": ""Израиль"", ""tr"": ""İsrail"", ""uk"": ""Ізраїль"", ""pt-BR"": ""Israel"", ""zh-CN"": ""以色列""}",31.50000000,34.75000000,🇮🇱,U+1F1EE U+1F1F1,2018-07-21T12:41:03,2023-08-09T02:34:58,1,Q801,false,false
77,French Polynesia,PYF,258,PF,689,Papeete,XPF,CFP franc,₣,.pf,Polynésie française,Oceania,Polynesia,French Polynesia,"[{""tzName"": ""Gambier Islands Time"", ""zoneName"": ""Pacific/Gambier"", ""gmtOffset"": -32400, ""abbreviation"": ""GAMT"", ""gmtOffsetName"": ""UTC-09:00""}, {""tzName"": ""Marquesas Islands Time"", ""zoneName"": ""Pacific/Marquesas"", ""gmtOffset"": -34200, ""abbreviation"": ""MART"", ""gmtOffsetName"": ""UTC-09:30""}, {""tzName"": ""Tahiti Time"", ""zoneName"": ""Pacific/Tahiti"", ""gmtOffset"": -36000, ""abbreviation"": ""TAHT"", ""gmtOffsetName"": ""UTC-10:00""}]","{""de"": ""Französisch-Polynesien"", ""es"": ""Polinesia Francesa"", ""fa"": ""پلی‌نزی فرانسه"", ""fr"": ""Polynésie française"", ""hr"": ""Francuska Polinezija"", ""it"": ""Polinesia Francese"", ""ja"": ""フランス領ポリネシア"", ""ko"": ""프랑스령 폴리네시아"", ""nl"": ""Frans-Polynesië"", ""pl"": ""Polinezja Francuska"", ""pt"": ""Polinésia Francesa"", ""ru"": ""Французская Полинезия"", ""tr"": ""Fransiz Polinezyasi"", ""uk"": ""Французька Полінезія"", ""pt-BR"": ""Polinésia Francesa"", ""zh-CN"": ""法属波利尼西亚""}",-15.00000000,-140.00000000,🇵🇫,U+1F1F5 U+1F1EB,2018-07-21T12:41:03,2024-12-19T21:04:08,1,Q30971,false,false
87,Grenada,GRD,308,GD,1,St. George's,XCD,Eastern Caribbean dollar,$,.gd,Grenada,Americas,Caribbean,Grenadian,"[{""tzName"": ""Atlantic Standard Time"", ""zoneName"": ""America/Grenada"", ""gmtOffset"": -14400, ""abbreviation"": ""AST"", ""gmtOffsetName"": ""UTC-04:00""}]","{""de"": ""Grenada"", ""es"": ""Grenada"", ""fa"": ""گرنادا"", ""fr"": ""Grenade"", ""hr"": ""Grenada"", ""it"": ""Grenada"", ""ja"": ""グレナダ"", ""ko"": ""그레나다"", ""nl"": ""Grenada"", ""pl"": ""Grenada"", ""pt"": ""Granada"", ""ru"": ""Гренада"", ""tr"": ""Grenada"", ""uk"": ""Гренада"", ""pt-BR"": ""Granada"", ""zh-CN"": ""格林纳达""}",12.11666666,-61.66666666,🇬🇩,U+1F1EC U+1F1E9,2018-07-21T12:41:03,2024-09-05T16:47:03,1,Q769,false,false
78,French Southern Territories,ATF,260,TF,262,Port-aux-Francais,EUR,Euro,€,.tf,Territoire des Terres australes et antarctiques fr,Africa,Southern Africa,French Southern Territories,"[{""tzName"": ""French Southern and Antarctic Time"", ""zoneName"": ""Indian/Kerguelen"", ""gmtOffset"": 18000, ""abbreviation"": ""TFT"", ""gmtOffsetName"": ""UTC+05:00""}]","{""de"": ""Französische Süd- und Antarktisgebiete"", ""es"": ""Tierras Australes y Antárticas Francesas"", ""fa"": ""سرزمین‌های جنوبی و جنوبگانی فرانسه"", ""fr"": ""Terres australes et antarctiques françaises"", ""hr"": ""Francuski južni i antarktički teritoriji"", ""it"": ""Territori Francesi del Sud"", ""ja"": ""フランス領南方・南極地域"", ""ko"": ""프랑스령 남방 및 남극"", ""nl"": ""Franse Gebieden in de zuidelijke Indische Oceaan"", ""pl"": ""Francuskie terytoria południowe"", ""pt"": ""Terras Austrais e Antárticas Francesas"", ""ru"": ""Французские южные территории"", ""tr"": ""Fransiz Güney Topraklari"", ""uk"": ""Французькі південні території"", ""pt-BR"": ""Terras Austrais e Antárticas Francesas"", ""zh-CN"": ""法属南部领地""}",-49.25000000,69.16700000,🇹🇫,U+1F1F9 U+1F1EB,2018-07-21T12:41:03,2024-12-19T21:04:08,1,Q129003,false,false
79,Gabon,GAB,266,GA,241,Libreville,XAF,Central African CFA franc,FCFA,.ga,Gabon,Africa,Middle Africa,Gabonese,"[{""tzName"": ""West Africa Time"", ""zoneName"": ""Africa/Libreville"", ""gmtOffset"": 3600, ""abbreviation"": ""WAT"", ""gmtOffsetName"": ""UTC+01:00""}]","{""de"": ""Gabun"", ""es"": ""Gabón"", ""fa"": ""گابن"", ""fr"": ""Gabon"", ""hr"": ""Gabon"", ""it"": ""Gabon"", ""ja"": ""ガボン"", ""ko"": ""가봉"", ""nl"": ""Gabon"", ""pl"": ""Gabon"", ""pt"": ""Gabão"", ""ru"": ""Габон"", ""tr"": ""Gabon"", ""uk"": ""Габон"", ""pt-BR"": ""Gabão"", ""zh-CN"": ""加蓬""}",-1.00000000,11.75000000,🇬🇦,U+1F1EC U+1F1E6,2018-07-21T12:41:03,2023-08-09T02:34:58,1,Q1000,false,false
80,The Gambia ,GMB,270,GM,220,Banjul,GMD,Gambian dalasi,D,.gm,Gambia,Africa,Western Africa,Gambian,"[{""tzName"": ""Greenwich Mean Time"", ""zoneName"": ""Africa/Banjul"", ""gmtOffset"": 0, ""abbreviation"": ""GMT"", ""gmtOffsetName"": ""UTC±00""}]","{""de"": ""Gambia"", ""es"": ""Gambia"", ""fa"": ""گامبیا"", ""fr"": ""Gambie"", ""hr"": ""Gambija"", ""it"": ""Gambia"", ""ja"": ""ガンビア"", ""ko"": ""감비아"", ""nl"": ""Gambia"", ""pl"": ""Gambia The"", ""pt"": ""Gâmbia"", ""ru"": ""Гамбия"", ""tr"": ""Gambiya"", ""uk"": ""Гамбія The"", ""pt-BR"": ""Gâmbia"", ""zh-CN"": ""冈比亚""}",13.46666666,-16.56666666,🇬🇲,U+1F1EC U+1F1F2,2018-07-21T12:41:03,2024-09-03T16:53:28,1,Q1005,false,false
81,Georgia,GEO,268,GE,995,Tbilisi,GEL,Georgian lari,ლ,.ge,საქართველო,Asia,Western Asia,Georgian,"[{""tzName"": ""Georgia Standard Time"", ""zoneName"": ""Asia/Tbilisi"", ""gmtOffset"": 14400, ""abbreviation"": ""GET"", ""gmtOffsetName"": ""UTC+04:00""}]","{""de"": ""Georgien"", ""es"": ""Georgia"", ""fa"": ""گرجستان"", ""fr"": ""Géorgie"", ""hr"": ""Gruzija"", ""it"": ""Georgia"", ""ja"": ""グルジア"", ""ko"": ""조지아"", ""nl"": ""Georgië"", ""pl"": ""Gruzja"", ""pt"": ""Geórgia"", ""ru"": ""Джорджия"", ""tr"": ""Gürcistan"", ""uk"": ""Грузія"", ""pt-BR"": ""Geórgia"", ""zh-CN"": ""格鲁吉亚""}",42.00000000,43.50000000,🇬🇪,U+1F1EC U+1F1EA,2018-07-21T12:41:03,2023-08-09T02:34:58,1,Q230,false,false
82,Germany,DEU,276,DE,49,Berlin,EUR,Euro,€,.de,Deutschland,Europe,Western Europe,German,"[{""tzName"": ""Central European Time"", ""zoneName"": ""Europe/Berlin"", ""gmtOffset"": 3600, ""abbreviation"": ""CET"", ""gmtOffsetName"": ""UTC+01:00""}, {""tzName"": ""Central European Time"", ""zoneName"": ""Europe/Busingen"", ""gmtOffset"": 3600, ""abbreviation"": ""CET"", ""gmtOffsetName"": ""UTC+01:00""}]","{""de"": ""Deutschland"", ""es"": ""Alemania"", ""fa"": ""آلمان"", ""fr"": ""Allemagne"", ""hr"": ""Njemačka"", ""it"": ""Germania"", ""ja"": ""ドイツ"", ""ko"": ""독일"", ""nl"": ""Duitsland"", ""pl"": ""Niemcy"", ""pt"": ""Alemanha"", ""ru"": ""Германия"", ""tr"": ""Almanya"", ""uk"": ""Німеччина"", ""pt-BR"": ""Alemanha"", ""zh-CN"": ""德国""}",51.00000000,9.00000000,🇩🇪,U+1F1E9 U+1F1EA,2018-07-21T12:41:03,2023-08-09T02:34:58,1,Q183,false,false
83,Ghana,GHA,288,GH,233,Accra,GHS,Ghanaian cedi,GH₵,.gh,Ghana,Africa,Western Africa,Ghanaian,"[{""tzName"": ""Greenwich Mean Time"", ""zoneName"": ""Africa/Accra"", ""gmtOffset"": 0, ""abbreviation"": ""GMT"", ""gmtOffsetName"": ""UTC±00""}]","{""de"": ""Ghana"", ""es"": ""Ghana"", ""fa"": ""غنا"", ""fr"": ""Ghana"", ""hr"": ""Gana"", ""it"": ""Ghana"", ""ja"": ""ガーナ"", ""ko"": ""가나"", ""nl"": ""Ghana"", ""pl"": ""Ghana"", ""pt"": ""Gana"", ""ru"": ""Гана"", ""tr"": ""Gana"", ""uk"": ""Гана"", ""pt-BR"": ""Gana"", ""zh-CN"": ""加纳""}",8.00000000,-2.00000000,🇬🇭,U+1F1EC U+1F1ED,2018-07-21T12:41:03,2023-08-09T02:34:58,1,Q117,false,false
84,Gibraltar,GIB,292,GI,350,Gibraltar,GIP,Gibraltar pound,£,.gi,Gibraltar,Europe,Southern Europe,Gibraltar,"[{""tzName"": ""Central European Time"", ""zoneName"": ""Europe/Gibraltar"", ""gmtOffset"": 3600, ""abbreviation"": ""CET"", ""gmtOffsetName"": ""UTC+01:00""}]","{""de"": ""Gibraltar"", ""es"": ""Gibraltar"", ""fa"": ""جبل‌طارق"", ""fr"": ""Gibraltar"", ""hr"": ""Gibraltar"", ""it"": ""Gibilterra"", ""ja"": ""ジブラルタル"", ""ko"": ""지브롤터"", ""nl"": ""Gibraltar"", ""pl"": ""Gibraltar"", ""pt"": ""Gibraltar"", ""ru"": ""Гибралтар"", ""tr"": ""Cebelitarik"", ""uk"": ""Гібралтар"", ""pt-BR"": ""Gibraltar"", ""zh-CN"": ""直布罗陀""}",36.13333333,-5.35000000,🇬🇮,U+1F1EC U+1F1EE,2018-07-21T12:41:03,2024-12-19T21:04:08,1,Q1410,false,false
85,Greece,GRC,300,GR,30,Athens,EUR,Euro,€,.gr,Ελλάδα,Europe,Southern Europe,"Greek, Hellenic","[{""tzName"": ""Eastern European Time"", ""zoneName"": ""Europe/Athens"", ""gmtOffset"": 7200, ""abbreviation"": ""EET"", ""gmtOffsetName"": ""UTC+02:00""}]","{""de"": ""Griechenland"", ""es"": ""Grecia"", ""fa"": ""یونان"", ""fr"": ""Grèce"", ""hr"": ""Grčka"", ""it"": ""Grecia"", ""ja"": ""ギリシャ"", ""ko"": ""그리스"", ""nl"": ""Griekenland"", ""pl"": ""Grecja"", ""pt"": ""Grécia"", ""ru"": ""Греция"", ""tr"": ""Yunanistan"", ""uk"": ""Греція"", ""pt-BR"": ""Grécia"", ""zh-CN"": ""希腊""}",39.00000000,22.00000000,🇬🇷,U+1F1EC U+1F1F7,2018-07-21T12:41:03,2023-08-09T02:34:58,1,Q41,false,false
86,Greenland,GRL,304,GL,299,Nuuk,DKK,Danish krone,Kr.,.gl,Kalaallit Nunaat,Americas,Northern America,Greenlandic,"[{""tzName"": ""Greenwich Mean Time"", ""zoneName"": ""America/Danmarkshavn"", ""gmtOffset"": 0, ""abbreviation"": ""GMT"", ""gmtOffsetName"": ""UTC±00""}, {""tzName"": ""West Greenland Time"", ""zoneName"": ""America/Nuuk"", ""gmtOffset"": -10800, ""abbreviation"": ""WGT"", ""gmtOffsetName"": ""UTC-03:00""}, {""tzName"": ""Eastern Greenland Time"", ""zoneName"": ""America/Scoresbysund"", ""gmtOffset"": -3600, ""abbreviation"": ""EGT"", ""gmtOffsetName"": ""UTC-01:00""}, {""tzName"": ""Atlantic Standard Time"", ""zoneName"": ""America/Thule"", ""gmtOffset"": -14400, ""abbreviation"": ""AST"", ""gmtOffsetName"": ""UTC-04:00""}]","{""de"": ""Grönland"", ""es"": ""Groenlandia"", ""fa"": ""گرینلند"", ""fr"": ""Groenland"", ""hr"": ""Grenland"", ""it"": ""Groenlandia"", ""ja"": ""グリーンランド"", ""ko"": ""그린란드"", ""nl"": ""Groenland"", ""pl"": ""Grenlandia"", ""pt"": ""Gronelândia"", ""ru"": ""Гренландия"", ""tr"": ""Grönland"", ""uk"": ""Гренландія"", ""pt-BR"": ""Groelândia"", ""zh-CN"": ""格陵兰岛""}",72.00000000,-40.00000000,🇬🇱,U+1F1EC U+1F1F1,2018-07-21T12:41:03,2024-12-19T21:04:08,1,Q223,false,false
88,Guadeloupe,GLP,312,GP,590,Basse-Terre,EUR,Euro,€,.gp,Guadeloupe,Americas,Caribbean,Guadeloupe,"[{""tzName"": ""Atlantic Standard Time"", ""zoneName"": ""America/Guadeloupe"", ""gmtOffset"": -14400, ""abbreviation"": ""AST"", ""gmtOffsetName"": ""UTC-04:00""}]","{""de"": ""Guadeloupe"", ""es"": ""Guadalupe"", ""fa"": ""جزیره گوادلوپ"", ""fr"": ""Guadeloupe"", ""hr"": ""Gvadalupa"", ""it"": ""Guadeloupa"", ""ja"": ""グアドループ"", ""ko"": ""과들루프"", ""nl"": ""Guadeloupe"", ""pl"": ""Gwadelupa"", ""pt"": ""Guadalupe"", ""ru"": ""Гваделупа"", ""tr"": ""Guadeloupe"", ""uk"": ""Гваделупа"", ""pt-BR"": ""Guadalupe"", ""zh-CN"": ""瓜德罗普岛""}",16.25000000,-61.58333300,🇬🇵,U+1F1EC U+1F1F5,2018-07-21T12:41:03,2024-12-19T21:04:08,1,Q17012,false,false
89,Guam,GUM,316,GU,1,Hagatna,USD,United States dollar,$,.gu,Guam,Oceania,Micronesia,"Guamanian, Guambat","[{""tzName"": ""Chamorro Standard Time"", ""zoneName"": ""Pacific/Guam"", ""gmtOffset"": 36000, ""abbreviation"": ""CHST"", ""gmtOffsetName"": ""UTC+10:00""}]","{""de"": ""Guam"", ""es"": ""Guam"", ""fa"": ""گوام"", ""fr"": ""Guam"", ""hr"": ""Guam"", ""it"": ""Guam"", ""ja"": ""グアム"", ""ko"": ""괌"", ""nl"": ""Guam"", ""pl"": ""Guam"", ""pt"": ""Guame"", ""ru"": ""Гуам"", ""tr"": ""Guam"", ""uk"": ""Гуам"", ""pt-BR"": ""Guam"", ""zh-CN"": ""关岛""}",13.46666666,144.78333333,🇬🇺,U+1F1EC U+1F1FA,2018-07-21T12:41:03,2024-12-23T15:33:12,1,Q16635,false,false
90,Guatemala,GTM,320,GT,502,Guatemala City,GTQ,Guatemalan quetzal,Q,.gt,Guatemala,Americas,Central America,Guatemalan,"[{""tzName"": ""Central Standard Time (North America"", ""zoneName"": ""America/Guatemala"", ""gmtOffset"": -21600, ""abbreviation"": ""CST"", ""gmtOffsetName"": ""UTC-06:00""}]","{""de"": ""Guatemala"", ""es"": ""Guatemala"", ""fa"": ""گواتمالا"", ""fr"": ""Guatemala"", ""hr"": ""Gvatemala"", ""it"": ""Guatemala"", ""ja"": ""グアテマラ"", ""ko"": ""과테말라"", ""nl"": ""Guatemala"", ""pl"": ""Gwatemala"", ""pt"": ""Guatemala"", ""ru"": ""Гватемала"", ""tr"": ""Guatemala"", ""uk"": ""Гватемала"", ""pt-BR"": ""Guatemala"", ""zh-CN"": ""危地马拉""}",15.50000000,-90.25000000,🇬🇹,U+1F1EC U+1F1F9,2018-07-21T12:41:03,2023-08-09T02:34:58,1,Q774,false,false
91,Guernsey,GGY,831,GG,44,St Peter Port,GBP,British pound,£,.gg,Guernsey,Europe,Northern Europe,Channel Island,"[{""tzName"": ""Greenwich Mean Time"", ""zoneName"": ""Europe/Guernsey"", ""gmtOffset"": 0, ""abbreviation"": ""GMT"", ""gmtOffsetName"": ""UTC±00""}]","{""de"": ""Guernsey"", ""es"": ""Guernsey"", ""fa"": ""گرنزی"", ""fr"": ""Guernesey"", ""hr"": ""Guernsey"", ""it"": ""Guernsey"", ""ja"": ""ガーンジー"", ""ko"": ""건지, 올더니"", ""nl"": ""Guernsey"", ""pl"": ""Guernsey i Alderney"", ""pt"": ""Guernsey"", ""ru"": ""Гернси и Олдерни"", ""tr"": ""Alderney"", ""uk"": ""Гернсі та Олдерні"", ""pt-BR"": ""Guernsey"", ""zh-CN"": ""根西岛""}",49.46666666,-2.58333333,🇬🇬,U+1F1EC U+1F1EC,2018-07-21T12:41:03,2025-03-29T13:35:03,1,,false,false
92,Guinea,GIN,324,GN,224,Conakry,GNF,Guinean franc,FG,.gn,Guinée,Africa,Western Africa,Guinean,"[{""tzName"": ""Greenwich Mean Time"", ""zoneName"": ""Africa/Conakry"", ""gmtOffset"": 0, ""abbreviation"": ""GMT"", ""gmtOffsetName"": ""UTC±00""}]","{""de"": ""Guinea"", ""es"": ""Guinea"", ""fa"": ""گینه"", ""fr"": ""Guinée"", ""hr"": ""Gvineja"", ""it"": ""Guinea"", ""ja"": ""ギニア"", ""ko"": ""기니"", ""nl"": ""Guinee"", ""pl"": ""Gwinea"", ""pt"": ""Guiné"", ""ru"": ""Гвинея"", ""tr"": ""Gine"", ""uk"": ""Гвінея"", ""pt-BR"": ""Guiné"", ""zh-CN"": ""几内亚""}",11.00000000,-10.00000000,🇬🇳,U+1F1EC U+1F1F3,2018-07-21T12:41:03,2023-08-09T02:34:58,1,Q1006,false,false
93,Guinea-Bissau,GNB,624,GW,245,Bissau,XOF,West African CFA franc,CFA,.gw,Guiné-Bissau,Africa,Western Africa,Bissau-Guinean,"[{""tzName"": ""Greenwich Mean Time"", ""zoneName"": ""Africa/Bissau"", ""gmtOffset"": 0, ""abbreviation"": ""GMT"", ""gmtOffsetName"": ""UTC±00""}]","{""de"": ""Guinea-Bissau"", ""es"": ""Guinea-Bisáu"", ""fa"": ""گینه بیسائو"", ""fr"": ""Guinée-Bissau"", ""hr"": ""Gvineja Bisau"", ""it"": ""Guinea-Bissau"", ""ja"": ""ギニアビサウ"", ""ko"": ""기니비사우"", ""nl"": ""Guinee-Bissau"", ""pl"": ""Gwinea Bissau"", ""pt"": ""Guiné-Bissau"", ""ru"": ""Гвинея-Бисау"", ""tr"": ""Gine-bissau"", ""uk"": ""Гвінея-Бісау"", ""pt-BR"": ""Guiné-Bissau"", ""zh-CN"": ""几内亚比绍""}",12.00000000,-15.00000000,🇬🇼,U+1F1EC U+1F1FC,2018-07-21T12:41:03,2023-08-09T02:34:58,1,Q1007,false,false
94,Guyana,GUY,328,GY,592,Georgetown,GYD,Guyanese dollar,$,.gy,Guyana,Americas,South America,Guyanese,"[{""tzName"": ""Guyana Time"", ""zoneName"": ""America/Guyana"", ""gmtOffset"": -14400, ""abbreviation"": ""GYT"", ""gmtOffsetName"": ""UTC-04:00""}]","{""de"": ""Guyana"", ""es"": ""Guyana"", ""fa"": ""گویان"", ""fr"": ""Guyane"", ""hr"": ""Gvajana"", ""it"": ""Guyana"", ""ja"": ""ガイアナ"", ""ko"": ""가이아나"", ""nl"": ""Guyana"", ""pl"": ""Gujana"", ""pt"": ""Guiana"", ""ru"": ""Гайана"", ""tr"": ""Guyana"", ""uk"": ""Гайана"", ""pt-BR"": ""Guiana"", ""zh-CN"": ""圭亚那""}",5.00000000,-59.00000000,🇬🇾,U+1F1EC U+1F1FE,2018-07-21T12:41:03,2023-08-09T02:34:58,1,Q734,false,false
95,Haiti,HTI,332,HT,509,Port-au-Prince,HTG,Haitian gourde,G,.ht,Haïti,Americas,Caribbean,Haitian,"[{""tzName"": ""Eastern Standard Time (North America"", ""zoneName"": ""America/Port-au-Prince"", ""gmtOffset"": -18000, ""abbreviation"": ""EST"", ""gmtOffsetName"": ""UTC-05:00""}]","{""de"": ""Haiti"", ""es"": ""Haiti"", ""fa"": ""هائیتی"", ""fr"": ""Haïti"", ""hr"": ""Haiti"", ""it"": ""Haiti"", ""ja"": ""ハイチ"", ""ko"": ""아이티"", ""nl"": ""Haïti"", ""pl"": ""Haiti"", ""pt"": ""Haiti"", ""ru"": ""Гаити"", ""tr"": ""Haiti"", ""uk"": ""Гаїті"", ""pt-BR"": ""Haiti"", ""zh-CN"": ""海地""}",19.00000000,-72.41666666,🇭🇹,U+1F1ED U+1F1F9,2018-07-21T12:41:03,2023-08-09T02:34:58,1,Q790,false,false
96,Heard Island and McDonald Islands,HMD,334,HM,672,,AUD,Australian dollar,$,.hm,Heard Island and McDonald Islands,,,Heard Island or McDonald Islands,"[{""tzName"": ""French Southern and Antarctic Time"", ""zoneName"": ""Indian/Kerguelen"", ""gmtOffset"": 18000, ""abbreviation"": ""TFT"", ""gmtOffsetName"": ""UTC+05:00""}]","{""de"": ""Heard und die McDonaldinseln"", ""es"": ""Islas Heard y McDonald"", ""fa"": ""جزیره هرد و جزایر مک‌دونالد"", ""fr"": ""Îles Heard-et-MacDonald"", ""hr"": ""Otok Heard i otočje McDonald"", ""it"": ""Isole Heard e McDonald"", ""ja"": ""ハード島とマクドナルド諸島"", ""ko"": ""허드 맥도날드 제도"", ""nl"": ""Heard- en McDonaldeilanden"", ""pl"": ""Wyspa Heard i Wyspy McDonalda"", ""pt"": ""Ilha Heard e Ilhas McDonald"", ""ru"": ""Остров Херд и острова Макдональд"", ""tr"": ""Heard Adasi Ve Mcdonald Adalari"", ""uk"": ""Острів Херд та острови Макдональд"", ""pt-BR"": ""Ilha Heard e Ilhas McDonald"", ""zh-CN"": ""赫德·唐纳岛及麦唐纳岛""}",-53.10000000,72.51666666,🇭🇲,U+1F1ED U+1F1F2,2018-07-21T12:41:03,2024-12-19T21:04:08,1,Q131198,false,false
97,Honduras,HND,340,HN,504,Tegucigalpa,HNL,Honduran lempira,L,.hn,Honduras,Americas,Central America,Honduran,"[{""tzName"": ""Central Standard Time (North America"", ""zoneName"": ""America/Tegucigalpa"", ""gmtOffset"": -21600, ""abbreviation"": ""CST"", ""gmtOffsetName"": ""UTC-06:00""}]","{""de"": ""Honduras"", ""es"": ""Honduras"", ""fa"": ""هندوراس"", ""fr"": ""Honduras"", ""hr"": ""Honduras"", ""it"": ""Honduras"", ""ja"": ""ホンジュラス"", ""ko"": ""온두라스"", ""nl"": ""Honduras"", ""pl"": ""Honduras"", ""pt"": ""Honduras"", ""ru"": ""Гондурас"", ""tr"": ""Honduras"", ""uk"": ""Гондурас"", ""pt-BR"": ""Honduras"", ""zh-CN"": ""洪都拉斯""}",15.00000000,-86.50000000,🇭🇳,U+1F1ED U+1F1F3,2018-07-21T12:41:03,2023-08-09T02:34:58,1,Q783,false,false
98,Hong Kong S.A.R.,HKG,344,HK,852,Hong Kong,HKD,Hong Kong dollar,$,.hk,香港,Asia,Eastern Asia,"Hong Kong, Hong Kongese","[{""tzName"": ""Hong Kong Time"", ""zoneName"": ""Asia/Hong_Kong"", ""gmtOffset"": 28800, ""abbreviation"": ""HKT"", ""gmtOffsetName"": ""UTC+08:00""}]","{""de"": ""Hong Kong"", ""es"": ""Hong Kong"", ""fa"": ""هنگ‌کنگ"", ""fr"": ""Hong Kong"", ""hr"": ""Hong Kong"", ""it"": ""Hong Kong"", ""ja"": ""香港"", ""ko"": ""홍콩"", ""nl"": ""Hongkong"", ""pl"": ""Hongkong S.A.R."", ""pt"": ""Hong Kong"", ""ru"": ""Гонконг С.А.Р."", ""tr"": ""Hong Kong"", ""uk"": ""Гонконг САР."", ""pt-BR"": ""Hong Kong"", ""zh-CN"": ""中国香港""}",22.25000000,114.16666666,🇭🇰,U+1F1ED U+1F1F0,2018-07-21T12:41:03,2023-08-09T02:34:58,1,Q8646,false,false
99,Hungary,HUN,348,HU,36,Budapest,HUF,Hungarian forint,Ft,.hu,Magyarország,Europe,Eastern Europe,"Hungarian, Magyar","[{""tzName"": ""Central European Time"", ""zoneName"": ""Europe/Budapest"", ""gmtOffset"": 3600, ""abbreviation"": ""CET"", ""gmtOffsetName"": ""UTC+01:00""}]","{""de"": ""Ungarn"", ""es"": ""Hungría"", ""fa"": ""مجارستان"", ""fr"": ""Hongrie"", ""hr"": ""Mađarska"", ""it"": ""Ungheria"", ""ja"": ""ハンガリー"", ""ko"": ""헝가리"", ""nl"": ""Hongarije"", ""pl"": ""Węgry"", ""pt"": ""Hungria"", ""ru"": ""Венгрия"", ""tr"": ""Macaristan"", ""uk"": ""Угорщина"", ""pt-BR"": ""Hungria"", ""zh-CN"": ""匈牙利""}",47.00000000,20.00000000,🇭🇺,U+1F1ED U+1F1FA,2018-07-21T12:41:03,2023-08-09T02:34:58,1,Q28,false,false
100,Iceland,ISL,352,IS,354,Reykjavik,ISK,Icelandic króna,ko,.is,Ísland,Europe,Northern Europe,Icelandic,"[{""tzName"": ""Greenwich Mean Time"", ""zoneName"": ""Atlantic/Reykjavik"", ""gmtOffset"": 0, ""abbreviation"": ""GMT"", ""gmtOffsetName"": ""UTC±00""}]","{""de"": ""Island"", ""es"": ""Islandia"", ""fa"": ""ایسلند"", ""fr"": ""Islande"", ""hr"": ""Island"", ""it"": ""Islanda"", ""ja"": ""アイスランド"", ""ko"": ""아이슬란드"", ""nl"": ""IJsland"", ""pl"": ""Islandia"", ""pt"": ""Islândia"", ""ru"": ""Исландия"", ""tr"": ""İzlanda"", ""uk"": ""Ісландія"", ""pt-BR"": ""Islândia"", ""zh-CN"": ""冰岛""}",65.00000000,-18.00000000,🇮🇸,U+1F1EE U+1F1F8,2018-07-21T12:41:03,2023-08-09T02:34:58,1,Q189,false,false
101,India,IND,356,IN,91,New Delhi,INR,Indian rupee,₹,.in,भारत,Asia,Southern Asia,Indian,"[{""tzName"": ""Indian Standard Time"", ""zoneName"": ""Asia/Kolkata"", ""gmtOffset"": 19800, ""abbreviation"": ""IST"", ""gmtOffsetName"": ""UTC+05:30""}]","{""de"": ""Indien"", ""es"": ""India"", ""fa"": ""هند"", ""fr"": ""Inde"", ""hr"": ""Indija"", ""it"": ""India"", ""ja"": ""インド"", ""ko"": ""인도"", ""nl"": ""India"", ""pl"": ""Indie"", ""pt"": ""Índia"", ""ru"": ""Индия"", ""tr"": ""Hindistan"", ""uk"": ""Індія"", ""pt-BR"": ""Índia"", ""zh-CN"": ""印度""}",20.00000000,77.00000000,🇮🇳,U+1F1EE U+1F1F3,2018-07-21T12:41:03,2023-08-09T02:34:58,1,Q668,false,false
103,Iran,IRN,364,IR,98,Tehran,IRR,Iranian rial,﷼,.ir,ایران,Asia,Southern Asia,"Iranian, Persian","[{""tzName"": ""Iran Daylight Time"", ""zoneName"": ""Asia/Tehran"", ""gmtOffset"": 12600, ""abbreviation"": ""IRDT"", ""gmtOffsetName"": ""UTC+03:30""}]","{""de"": ""Iran"", ""es"": ""Iran"", ""fa"": ""ایران"", ""fr"": ""Iran"", ""hr"": ""Iran"", ""ja"": ""イラン・イスラム共和国"", ""ko"": ""이란"", ""nl"": ""Iran"", ""pl"": ""Iran"", ""pt"": ""Irão"", ""ru"": ""Иран"", ""tr"": ""İran"", ""uk"": ""Іран"", ""pt-BR"": ""Irã"", ""zh-CN"": ""伊朗""}",32.00000000,53.00000000,🇮🇷,U+1F1EE U+1F1F7,2018-07-21T12:41:03,2023-08-09T02:34:58,1,Q794,false,false
104,Iraq,IRQ,368,IQ,964,Baghdad,IQD,Iraqi dinar,د.ع,.iq,العراق,Asia,Western Asia,Iraqi,"[{""tzName"": ""Arabia Standard Time"", ""zoneName"": ""Asia/Baghdad"", ""gmtOffset"": 10800, ""abbreviation"": ""AST"", ""gmtOffsetName"": ""UTC+03:00""}]","{""de"": ""Irak"", ""es"": ""Irak"", ""fa"": ""عراق"", ""fr"": ""Irak"", ""hr"": ""Irak"", ""it"": ""Iraq"", ""ja"": ""イラク"", ""ko"": ""이라크"", ""nl"": ""Irak"", ""pl"": ""Irak"", ""pt"": ""Iraque"", ""ru"": ""Ирак"", ""tr"": ""Irak"", ""uk"": ""Ірак"", ""pt-BR"": ""Iraque"", ""zh-CN"": ""伊拉克""}",33.00000000,44.00000000,🇮🇶,U+1F1EE U+1F1F6,2018-07-21T12:41:03,2023-08-09T02:34:58,1,Q796,false,false
105,Ireland,IRL,372,IE,353,Dublin,EUR,Euro,€,.ie,Éire,Europe,Northern Europe,Irish,"[{""tzName"": ""Greenwich Mean Time"", ""zoneName"": ""Europe/Dublin"", ""gmtOffset"": 0, ""abbreviation"": ""GMT"", ""gmtOffsetName"": ""UTC±00""}]","{""de"": ""Irland"", ""es"": ""Irlanda"", ""fa"": ""ایرلند"", ""fr"": ""Irlande"", ""hr"": ""Irska"", ""it"": ""Irlanda"", ""ja"": ""アイルランド"", ""ko"": ""아일랜드"", ""nl"": ""Ierland"", ""pl"": ""Irlandia"", ""pt"": ""Irlanda"", ""ru"": ""Ирландия"", ""tr"": ""İrlanda"", ""uk"": ""Ірландія"", ""pt-BR"": ""Irlanda"", ""zh-CN"": ""爱尔兰""}",53.00000000,-8.00000000,🇮🇪,U+1F1EE U+1F1EA,2018-07-21T12:41:03,2023-08-09T02:34:58,1,Q27,false,false
108,Jamaica,JAM,388,JM,1,Kingston,JMD,Jamaican dollar,J$,.jm,Jamaica,Americas,Caribbean,Jamaican,"[{""tzName"": ""Eastern Standard Time (North America"", ""zoneName"": ""America/Jamaica"", ""gmtOffset"": -18000, ""abbreviation"": ""EST"", ""gmtOffsetName"": ""UTC-05:00""}]","{""de"": ""Jamaika"", ""es"": ""Jamaica"", ""fa"": ""جامائیکا"", ""fr"": ""Jamaïque"", ""hr"": ""Jamajka"", ""it"": ""Giamaica"", ""ja"": ""ジャマイカ"", ""ko"": ""자메이카"", ""nl"": ""Jamaica"", ""pl"": ""Jamajka"", ""pt"": ""Jamaica"", ""ru"": ""Ямайка"", ""tr"": ""Jamaika"", ""uk"": ""Ямайка"", ""pt-BR"": ""Jamaica"", ""zh-CN"": ""牙买加""}",18.25000000,-77.50000000,🇯🇲,U+1F1EF U+1F1F2,2018-07-21T12:41:03,2024-09-05T16:47:03,1,Q766,false,false
109,Japan,JPN,392,JP,81,Tokyo,JPY,Japanese yen,¥,.jp,日本,Asia,Eastern Asia,Japanese,"[{""tzName"": ""Japan Standard Time"", ""zoneName"": ""Asia/Tokyo"", ""gmtOffset"": 32400, ""abbreviation"": ""JST"", ""gmtOffsetName"": ""UTC+09:00""}]","{""de"": ""Japan"", ""es"": ""Japón"", ""fa"": ""ژاپن"", ""fr"": ""Japon"", ""hr"": ""Japan"", ""it"": ""Giappone"", ""ja"": ""日本"", ""ko"": ""일본"", ""nl"": ""Japan"", ""pl"": ""Japonia"", ""pt"": ""Japão"", ""ru"": ""Япония"", ""tr"": ""Japonya"", ""uk"": ""Японія"", ""pt-BR"": ""Japão"", ""zh-CN"": ""日本""}",36.00000000,138.00000000,🇯🇵,U+1F1EF U+1F1F5,2018-07-21T12:41:03,2023-08-09T02:34:58,1,Q17,false,false
110,Jersey,JEY,832,JE,44,Saint Helier,GBP,British pound,£,.je,Jersey,Europe,Northern Europe,Channel Island,"[{""tzName"": ""Greenwich Mean Time"", ""zoneName"": ""Europe/Jersey"", ""gmtOffset"": 0, ""abbreviation"": ""GMT"", ""gmtOffsetName"": ""UTC±00""}]","{""de"": ""Jersey"", ""es"": ""Jersey"", ""fa"": ""جرزی"", ""fr"": ""Jersey"", ""hr"": ""Jersey"", ""it"": ""Isola di Jersey"", ""ja"": ""ジャージー"", ""ko"": ""저지 섬"", ""nl"": ""Jersey"", ""pl"": ""Jersey"", ""pt"": ""Jersey"", ""ru"": ""Джерси"", ""tr"": ""Jersey"", ""uk"": ""Джерсі"", ""pt-BR"": ""Jersey"", ""zh-CN"": ""泽西岛""}",49.25000000,-2.16666666,🇯🇪,U+1F1EF U+1F1EA,2018-07-21T12:41:03,2024-09-05T16:47:03,1,Q785,false,false
111,Jordan,JOR,400,JO,962,Amman,JOD,Jordanian dinar,ا.د,.jo,الأردن,Asia,Western Asia,Jordanian,"[{""tzName"": ""Eastern European Time"", ""zoneName"": ""Asia/Amman"", ""gmtOffset"": 7200, ""abbreviation"": ""EET"", ""gmtOffsetName"": ""UTC+02:00""}]","{""de"": ""Jordanien"", ""es"": ""Jordania"", ""fa"": ""اردن"", ""fr"": ""Jordanie"", ""hr"": ""Jordan"", ""it"": ""Giordania"", ""ja"": ""ヨルダン"", ""ko"": ""요르단"", ""nl"": ""Jordanië"", ""pl"": ""Jordan"", ""pt"": ""Jordânia"", ""ru"": ""Джордан"", ""tr"": ""Ürdün"", ""uk"": ""Йорданія"", ""pt-BR"": ""Jordânia"", ""zh-CN"": ""约旦""}",31.00000000,36.00000000,🇯🇴,U+1F1EF U+1F1F4,2018-07-21T12:41:03,2023-08-09T02:34:58,1,Q810,false,false
112,Kazakhstan,KAZ,398,KZ,7,Astana,KZT,Kazakhstani tenge,лв,.kz,Қазақстан,Asia,Central Asia,"Kazakhstani, Kazakh","[{""tzName"": ""Alma-Ata Time[1"", ""zoneName"": ""Asia/Almaty"", ""gmtOffset"": 21600, ""abbreviation"": ""ALMT"", ""gmtOffsetName"": ""UTC+06:00""}, {""tzName"": ""Aqtobe Time"", ""zoneName"": ""Asia/Aqtau"", ""gmtOffset"": 18000, ""abbreviation"": ""AQTT"", ""gmtOffsetName"": ""UTC+05:00""}, {""tzName"": ""Aqtobe Time"", ""zoneName"": ""Asia/Aqtobe"", ""gmtOffset"": 18000, ""abbreviation"": ""AQTT"", ""gmtOffsetName"": ""UTC+05:00""}, {""tzName"": ""Moscow Daylight Time+1"", ""zoneName"": ""Asia/Atyrau"", ""gmtOffset"": 18000, ""abbreviation"": ""MSD+1"", ""gmtOffsetName"": ""UTC+05:00""}, {""tzName"": ""Oral Time"", ""zoneName"": ""Asia/Oral"", ""gmtOffset"": 18000, ""abbreviation"": ""ORAT"", ""gmtOffsetName"": ""UTC+05:00""}, {""tzName"": ""Qyzylorda Summer Time"", ""zoneName"": ""Asia/Qostanay"", ""gmtOffset"": 21600, ""abbreviation"": ""QYZST"", ""gmtOffsetName"": ""UTC+06:00""}, {""tzName"": ""Qyzylorda Summer Time"", ""zoneName"": ""Asia/Qyzylorda"", ""gmtOffset"": 18000, ""abbreviation"": ""QYZT"", ""gmtOffsetName"": ""UTC+05:00""}]","{""de"": ""Kasachstan"", ""es"": ""Kazajistán"", ""fa"": ""قزاقستان"", ""fr"": ""Kazakhstan"", ""hr"": ""Kazahstan"", ""it"": ""Kazakistan"", ""ja"": ""カザフスタン"", ""ko"": ""카자흐스탄"", ""nl"": ""Kazachstan"", ""pl"": ""Kazachstan"", ""pt"": ""Cazaquistão"", ""ru"": ""Казахстан"", ""tr"": ""Kazakistan"", ""uk"": ""Казахстан"", ""pt-BR"": ""Cazaquistão"", ""zh-CN"": ""哈萨克斯坦""}",48.00000000,68.00000000,🇰🇿,U+1F1F0 U+1F1FF,2018-07-21T12:41:03,2023-08-09T02:34:58,1,Q232,false,false
113,Kenya,KEN,404,KE,254,Nairobi,KES,Kenyan shilling,KSh,.ke,Kenya,Africa,Eastern Africa,Kenyan,"[{""tzName"": ""East Africa Time"", ""zoneName"": ""Africa/Nairobi"", ""gmtOffset"": 10800, ""abbreviation"": ""EAT"", ""gmtOffsetName"": ""UTC+03:00""}]","{""de"": ""Kenia"", ""es"": ""Kenia"", ""fa"": ""کنیا"", ""fr"": ""Kenya"", ""hr"": ""Kenija"", ""it"": ""Kenya"", ""ja"": ""ケニア"", ""ko"": ""케냐"", ""nl"": ""Kenia"", ""pl"": ""Kenia"", ""pt"": ""Quénia"", ""ru"": ""Кения"", ""tr"": ""Kenya"", ""uk"": ""Кенія"", ""pt-BR"": ""Quênia"", ""zh-CN"": ""肯尼亚""}",1.00000000,38.00000000,🇰🇪,U+1F1F0 U+1F1EA,2018-07-21T12:41:03,2023-08-09T02:34:58,1,Q114,false,false
114,Kiribati,KIR,296,KI,686,Tarawa,AUD,Australian dollar,$,.ki,Kiribati,Oceania,Micronesia,I-Kiribati,"[{""tzName"": ""Phoenix Island Time"", ""zoneName"": ""Pacific/Enderbury"", ""gmtOffset"": 46800, ""abbreviation"": ""PHOT"", ""gmtOffsetName"": ""UTC+13:00""}, {""tzName"": ""Line Islands Time"", ""zoneName"": ""Pacific/Kiritimati"", ""gmtOffset"": 50400, ""abbreviation"": ""LINT"", ""gmtOffsetName"": ""UTC+14:00""}, {""tzName"": ""Gilbert Island Time"", ""zoneName"": ""Pacific/Tarawa"", ""gmtOffset"": 43200, ""abbreviation"": ""GILT"", ""gmtOffsetName"": ""UTC+12:00""}]","{""de"": ""Kiribati"", ""es"": ""Kiribati"", ""fa"": ""کیریباتی"", ""fr"": ""Kiribati"", ""hr"": ""Kiribati"", ""it"": ""Kiribati"", ""ja"": ""キリバス"", ""ko"": ""키리바시"", ""nl"": ""Kiribati"", ""pl"": ""Kiribati"", ""pt"": ""Quiribáti"", ""ru"": ""Кирибати"", ""tr"": ""Kiribati"", ""uk"": ""Кірібаті"", ""pt-BR"": ""Kiribati"", ""zh-CN"": ""基里巴斯""}",1.41666666,173.00000000,🇰🇮,U+1F1F0 U+1F1EE,2018-07-21T12:41:03,2023-08-09T02:34:58,1,Q710,false,false
115,North Korea,PRK,408,KP,850,Pyongyang,KPW,North Korean Won,₩,.kp,북한,Asia,Eastern Asia,North Korean,"[{""tzName"": ""Korea Standard Time"", ""zoneName"": ""Asia/Pyongyang"", ""gmtOffset"": 32400, ""abbreviation"": ""KST"", ""gmtOffsetName"": ""UTC+09:00""}]","{""de"": ""Nordkorea"", ""es"": ""Corea del Norte"", ""fa"": ""کره جنوبی"", ""fr"": ""Corée du Nord"", ""hr"": ""Sjeverna Koreja"", ""it"": ""Corea del Nord"", ""ja"": ""朝鮮民主主義人民共和国"", ""ko"": ""조선민주주의인민공화국"", ""nl"": ""Noord-Korea"", ""pl"": ""Korea Północna"", ""pt"": ""Coreia do Norte"", ""ru"": ""Северная Корея"", ""tr"": ""Kuzey Kore"", ""uk"": ""Північна Корея"", ""pt-BR"": ""Coreia do Norte"", ""zh-CN"": ""朝鲜""}",40.00000000,127.00000000,🇰🇵,U+1F1F0 U+1F1F5,2018-07-21T12:41:03,2023-08-11T21:15:55,1,Q423,false,false
116,South Korea,KOR,410,KR,82,Seoul,KRW,Won,₩,.kr,대한민국,Asia,Eastern Asia,South Korean,"[{""tzName"": ""Korea Standard Time"", ""zoneName"": ""Asia/Seoul"", ""gmtOffset"": 32400, ""abbreviation"": ""KST"", ""gmtOffsetName"": ""UTC+09:00""}]","{""de"": ""Südkorea"", ""es"": ""Corea del Sur"", ""fa"": ""کره شمالی"", ""fr"": ""Corée du Sud"", ""hr"": ""Južna Koreja"", ""it"": ""Corea del Sud"", ""ja"": ""大韓民国"", ""ko"": ""대한민국"", ""nl"": ""Zuid-Korea"", ""pl"": ""Korea Południowa"", ""pt"": ""Coreia do Sul"", ""ru"": ""Южная Корея"", ""tr"": ""Güney Kore"", ""uk"": ""Південна Корея"", ""pt-BR"": ""Coreia do Sul"", ""zh-CN"": ""韩国""}",37.00000000,127.50000000,🇰🇷,U+1F1F0 U+1F1F7,2018-07-21T12:41:03,2023-08-11T21:15:55,1,Q884,false,false
117,Kuwait,KWT,414,KW,965,Kuwait City,KWD,Kuwaiti dinar,ك.د,.kw,الكويت,Asia,Western Asia,Kuwaiti,"[{""tzName"": ""Arabia Standard Time"", ""zoneName"": ""Asia/Kuwait"", ""gmtOffset"": 10800, ""abbreviation"": ""AST"", ""gmtOffsetName"": ""UTC+03:00""}]","{""de"": ""Kuwait"", ""es"": ""Kuwait"", ""fa"": ""کویت"", ""fr"": ""Koweït"", ""hr"": ""Kuvajt"", ""it"": ""Kuwait"", ""ja"": ""クウェート"", ""ko"": ""쿠웨이트"", ""nl"": ""Koeweit"", ""pl"": ""Kuwejt"", ""pt"": ""Kuwait"", ""ru"": ""Кувейт"", ""tr"": ""Kuveyt"", ""uk"": ""Кувейт"", ""pt-BR"": ""Kuwait"", ""zh-CN"": ""科威特""}",29.50000000,45.75000000,🇰🇼,U+1F1F0 U+1F1FC,2018-07-21T12:41:03,2023-08-09T02:34:58,1,Q817,false,false
118,Kyrgyzstan,KGZ,417,KG,996,Bishkek,KGS,Kyrgyzstani som,лв,.kg,Кыргызстан,Asia,Central Asia,"Kyrgyzstani, Kyrgyz, Kirgiz, Kirghiz","[{""tzName"": ""Kyrgyzstan Time"", ""zoneName"": ""Asia/Bishkek"", ""gmtOffset"": 21600, ""abbreviation"": ""KGT"", ""gmtOffsetName"": ""UTC+06:00""}]","{""de"": ""Kirgisistan"", ""es"": ""Kirguizistán"", ""fa"": ""قرقیزستان"", ""fr"": ""Kirghizistan"", ""hr"": ""Kirgistan"", ""it"": ""Kirghizistan"", ""ja"": ""キルギス"", ""ko"": ""키르기스스탄"", ""nl"": ""Kirgizië"", ""pl"": ""Kirgistan"", ""pt"": ""Quirguizistão"", ""ru"": ""Кыргызстан"", ""tr"": ""Kirgizistan"", ""uk"": ""Киргизстан"", ""pt-BR"": ""Quirguistão"", ""zh-CN"": ""吉尔吉斯斯坦""}",41.00000000,75.00000000,🇰🇬,U+1F1F0 U+1F1EC,2018-07-21T12:41:03,2023-08-09T02:34:58,1,Q813,false,false
119,Laos,LAO,418,LA,856,Vientiane,LAK,Lao kip,₭,.la,ສປປລາວ,Asia,South-Eastern Asia,"Lao, Laotian","[{""tzName"": ""Indochina Time"", ""zoneName"": ""Asia/Vientiane"", ""gmtOffset"": 25200, ""abbreviation"": ""ICT"", ""gmtOffsetName"": ""UTC+07:00""}]","{""de"": ""Laos"", ""es"": ""Laos"", ""fa"": ""لائوس"", ""fr"": ""Laos"", ""hr"": ""Laos"", ""it"": ""Laos"", ""ja"": ""ラオス人民民主共和国"", ""ko"": ""라오스"", ""nl"": ""Laos"", ""pl"": ""Laos"", ""pt"": ""Laos"", ""ru"": ""Лаос"", ""tr"": ""Laos"", ""uk"": ""Лаос"", ""pt-BR"": ""Laos"", ""zh-CN"": ""寮人民民主共和国""}",18.00000000,105.00000000,🇱🇦,U+1F1F1 U+1F1E6,2018-07-21T12:41:03,2023-08-09T02:34:58,1,Q819,false,false
120,Latvia,LVA,428,LV,371,Riga,EUR,Euro,€,.lv,Latvija,Europe,Northern Europe,Latvian,"[{""tzName"": ""Eastern European Time"", ""zoneName"": ""Europe/Riga"", ""gmtOffset"": 7200, ""abbreviation"": ""EET"", ""gmtOffsetName"": ""UTC+02:00""}]","{""de"": ""Lettland"", ""es"": ""Letonia"", ""fa"": ""لتونی"", ""fr"": ""Lettonie"", ""hr"": ""Latvija"", ""it"": ""Lettonia"", ""ja"": ""ラトビア"", ""ko"": ""라트비아"", ""nl"": ""Letland"", ""pl"": ""Łotwa"", ""pt"": ""Letónia"", ""ru"": ""Латвия"", ""tr"": ""Letonya"", ""uk"": ""Латвія"", ""pt-BR"": ""Letônia"", ""zh-CN"": ""拉脱维亚""}",57.00000000,25.00000000,🇱🇻,U+1F1F1 U+1F1FB,2018-07-21T12:41:03,2023-08-09T02:34:58,1,Q211,false,false
121,Lebanon,LBN,422,LB,961,Beirut,LBP,Lebanese pound,£,.lb,لبنان,Asia,Western Asia,Lebanese,"[{""tzName"": ""Eastern European Time"", ""zoneName"": ""Asia/Beirut"", ""gmtOffset"": 7200, ""abbreviation"": ""EET"", ""gmtOffsetName"": ""UTC+02:00""}]","{""de"": ""Libanon"", ""es"": ""Líbano"", ""fa"": ""لبنان"", ""fr"": ""Liban"", ""hr"": ""Libanon"", ""it"": ""Libano"", ""ja"": ""レバノン"", ""ko"": ""레바논"", ""nl"": ""Libanon"", ""pl"": ""Liban"", ""pt"": ""Líbano"", ""ru"": ""Ливан"", ""tr"": ""Lübnan"", ""uk"": ""Ліван"", ""pt-BR"": ""Líbano"", ""zh-CN"": ""黎巴嫩""}",33.83333333,35.83333333,🇱🇧,U+1F1F1 U+1F1E7,2018-07-21T12:41:03,2023-08-09T02:34:58,1,Q822,false,false
122,Lesotho,LSO,426,LS,266,Maseru,LSL,Lesotho loti,L,.ls,Lesotho,Africa,Southern Africa,Basotho,"[{""tzName"": ""South African Standard Time"", ""zoneName"": ""Africa/Maseru"", ""gmtOffset"": 7200, ""abbreviation"": ""SAST"", ""gmtOffsetName"": ""UTC+02:00""}]","{""de"": ""Lesotho"", ""es"": ""Lesotho"", ""fa"": ""لسوتو"", ""fr"": ""Lesotho"", ""hr"": ""Lesoto"", ""it"": ""Lesotho"", ""ja"": ""レソト"", ""ko"": ""레소토"", ""nl"": ""Lesotho"", ""pl"": ""Lesotho"", ""pt"": ""Lesoto"", ""ru"": ""Лесото"", ""tr"": ""Lesotho"", ""uk"": ""Лесото"", ""pt-BR"": ""Lesoto"", ""zh-CN"": ""莱索托""}",-29.50000000,28.50000000,🇱🇸,U+1F1F1 U+1F1F8,2018-07-21T12:41:03,2023-08-09T02:34:58,1,Q1013,false,false
123,Liberia,LBR,430,LR,231,Monrovia,LRD,Liberian dollar,$,.lr,Liberia,Africa,Western Africa,Liberian,"[{""tzName"": ""Greenwich Mean Time"", ""zoneName"": ""Africa/Monrovia"", ""gmtOffset"": 0, ""abbreviation"": ""GMT"", ""gmtOffsetName"": ""UTC±00""}]","{""de"": ""Liberia"", ""es"": ""Liberia"", ""fa"": ""لیبریا"", ""fr"": ""Liberia"", ""hr"": ""Liberija"", ""it"": ""Liberia"", ""ja"": ""リベリア"", ""ko"": ""라이베리아"", ""nl"": ""Liberia"", ""pl"": ""Liberia"", ""pt"": ""Libéria"", ""ru"": ""Либерия"", ""tr"": ""Liberya"", ""uk"": ""Ліберія"", ""pt-BR"": ""Libéria"", ""zh-CN"": ""利比里亚""}",6.50000000,-9.50000000,🇱🇷,U+1F1F1 U+1F1F7,2018-07-21T12:41:03,2023-08-09T02:34:58,1,Q1014,false,false
124,Libya,LBY,434,LY,218,Tripolis,LYD,Libyan dinar,د.ل,.ly,‏ليبيا,Africa,Northern Africa,Libyan,"[{""tzName"": ""Eastern European Time"", ""zoneName"": ""Africa/Tripoli"", ""gmtOffset"": 7200, ""abbreviation"": ""EET"", ""gmtOffsetName"": ""UTC+02:00""}]","{""de"": ""Libyen"", ""es"": ""Libia"", ""fa"": ""لیبی"", ""fr"": ""Libye"", ""hr"": ""Libija"", ""it"": ""Libia"", ""ja"": ""リビア"", ""ko"": ""리비아"", ""nl"": ""Libië"", ""pl"": ""Libia"", ""pt"": ""Líbia"", ""ru"": ""Ливия"", ""tr"": ""Libya"", ""uk"": ""Лівія"", ""pt-BR"": ""Líbia"", ""zh-CN"": ""利比亚""}",25.00000000,17.00000000,🇱🇾,U+1F1F1 U+1F1FE,2018-07-21T12:41:03,2023-08-09T02:34:58,1,Q1016,false,false
125,Liechtenstein,LIE,438,LI,423,Vaduz,CHF,Swiss franc,CHf,.li,Liechtenstein,Europe,Western Europe,Liechtenstein,"[{""tzName"": ""Central European Time"", ""zoneName"": ""Europe/Vaduz"", ""gmtOffset"": 3600, ""abbreviation"": ""CET"", ""gmtOffsetName"": ""UTC+01:00""}]","{""de"": ""Liechtenstein"", ""es"": ""Liechtenstein"", ""fa"": ""لیختن‌اشتاین"", ""fr"": ""Liechtenstein"", ""hr"": ""Lihtenštajn"", ""it"": ""Liechtenstein"", ""ja"": ""リヒテンシュタイン"", ""ko"": ""리히텐슈타인"", ""nl"": ""Liechtenstein"", ""pl"": ""Liechtenstein"", ""pt"": ""Listenstaine"", ""ru"": ""Лихтенштейн"", ""tr"": ""Lihtenştayn"", ""uk"": ""Ліхтенштейн"", ""pt-BR"": ""Liechtenstein"", ""zh-CN"": ""列支敦士登""}",47.26666666,9.53333333,🇱🇮,U+1F1F1 U+1F1EE,2018-07-21T12:41:03,2023-08-09T02:34:58,1,Q347,false,false
126,Lithuania,LTU,440,LT,370,Vilnius,EUR,Euro,€,.lt,Lietuva,Europe,Northern Europe,Lithuanian,"[{""tzName"": ""Eastern European Time"", ""zoneName"": ""Europe/Vilnius"", ""gmtOffset"": 7200, ""abbreviation"": ""EET"", ""gmtOffsetName"": ""UTC+02:00""}]","{""de"": ""Litauen"", ""es"": ""Lituania"", ""fa"": ""لیتوانی"", ""fr"": ""Lituanie"", ""hr"": ""Litva"", ""it"": ""Lituania"", ""ja"": ""リトアニア"", ""ko"": ""리투아니아"", ""nl"": ""Litouwen"", ""pl"": ""Litwa"", ""pt"": ""Lituânia"", ""ru"": ""Литва"", ""tr"": ""Litvanya"", ""uk"": ""Литва"", ""pt-BR"": ""Lituânia"", ""zh-CN"": ""立陶宛""}",56.00000000,24.00000000,🇱🇹,U+1F1F1 U+1F1F9,2018-07-21T12:41:03,2023-08-09T02:34:58,1,Q37,false,false
127,Luxembourg,LUX,442,LU,352,Luxembourg,EUR,Euro,€,.lu,Luxembourg,Europe,Western Europe,"Luxembourg, Luxembourgish","[{""tzName"": ""Central European Time"", ""zoneName"": ""Europe/Luxembourg"", ""gmtOffset"": 3600, ""abbreviation"": ""CET"", ""gmtOffsetName"": ""UTC+01:00""}]","{""de"": ""Luxemburg"", ""es"": ""Luxemburgo"", ""fa"": ""لوکزامبورگ"", ""fr"": ""Luxembourg"", ""hr"": ""Luksemburg"", ""it"": ""Lussemburgo"", ""ja"": ""ルクセンブルク"", ""ko"": ""룩셈부르크"", ""nl"": ""Luxemburg"", ""pl"": ""Luksemburg"", ""pt"": ""Luxemburgo"", ""ru"": ""Люксембург"", ""tr"": ""Lüksemburg"", ""uk"": ""Люксембург"", ""pt-BR"": ""Luxemburgo"", ""zh-CN"": ""卢森堡""}",49.75000000,6.16666666,🇱🇺,U+1F1F1 U+1F1FA,2018-07-21T12:41:03,2023-08-09T02:34:58,1,Q32,false,false
128,Macau S.A.R.,MAC,446,MO,853,Macao,MOP,Macanese pataca,$,.mo,澳門,Asia,Eastern Asia,"Macanese, Chinese","[{""tzName"": ""China Standard Time"", ""zoneName"": ""Asia/Macau"", ""gmtOffset"": 28800, ""abbreviation"": ""CST"", ""gmtOffsetName"": ""UTC+08:00""}]","{""de"": ""Macao"", ""es"": ""Macao"", ""fa"": ""مکائو"", ""fr"": ""Macao"", ""hr"": ""Makao"", ""it"": ""Macao"", ""ja"": ""マカオ"", ""ko"": ""마카오"", ""nl"": ""Macao"", ""pl"": ""Macau S.A.R."", ""pt"": ""Macau"", ""ru"": ""Макао С.А.Р."", ""tr"": ""Makao"", ""uk"": ""САР Макао."", ""pt-BR"": ""Macau"", ""zh-CN"": ""中国澳门""}",22.16666666,113.55000000,🇲🇴,U+1F1F2 U+1F1F4,2018-07-21T12:41:03,2024-12-19T21:04:08,1,Q14773,false,false
129,North Macedonia,MKD,807,MK,389,Skopje,MKD,Denar,ден,.mk,Северна Македонија,Europe,Southern Europe,Macedonian,"[{""tzName"": ""Central European Time"", ""zoneName"": ""Europe/Skopje"", ""gmtOffset"": 3600, ""abbreviation"": ""CET"", ""gmtOffsetName"": ""UTC+01:00""}]","{""de"": ""Nordmazedonien"", ""es"": ""Macedonia del Norte"", ""fa"": ""ﻢﻗﺩﻮﻨﯿﻫ ﺶﻣﺎﻠﯾ"", ""fr"": ""Macédoine du Nord"", ""hr"": ""Sjeverna Makedonija"", ""it"": ""Macedonia del Nord"", ""ja"": ""北マケドニア"", ""ko"": ""북마케도니아"", ""nl"": ""Noord-Macedonië"", ""pl"": ""Macedonia Północna"", ""pt"": ""Macedónia do Norte"", ""ru"": ""Северная Македония"", ""tr"": ""Kuzey Makedonya"", ""uk"": ""Північна Македонія"", ""pt-BR"": ""Macedônia do Norte"", ""zh-CN"": ""北馬其頓""}",41.83333333,22.00000000,🇲🇰,U+1F1F2 U+1F1F0,2018-07-21T12:41:03,2023-08-11T21:15:55,1,Q221,false,false
130,Madagascar,MDG,450,MG,261,Antananarivo,MGA,Malagasy ariary,Ar,.mg,Madagasikara,Africa,Eastern Africa,Malagasy,"[{""tzName"": ""East Africa Time"", ""zoneName"": ""Indian/Antananarivo"", ""gmtOffset"": 10800, ""abbreviation"": ""EAT"", ""gmtOffsetName"": ""UTC+03:00""}]","{""de"": ""Madagaskar"", ""es"": ""Madagascar"", ""fa"": ""ماداگاسکار"", ""fr"": ""Madagascar"", ""hr"": ""Madagaskar"", ""it"": ""Madagascar"", ""ja"": ""マダガスカル"", ""ko"": ""마다가스카르"", ""nl"": ""Madagaskar"", ""pl"": ""Madagaskar"", ""pt"": ""Madagáscar"", ""ru"": ""Мадагаскар"", ""tr"": ""Madagaskar"", ""uk"": ""Мадагаскар"", ""pt-BR"": ""Madagascar"", ""zh-CN"": ""马达加斯加""}",-20.00000000,47.00000000,🇲🇬,U+1F1F2 U+1F1EC,2018-07-21T12:41:03,2023-08-09T02:34:58,1,Q1019,false,false
131,Malawi,MWI,454,MW,265,Lilongwe,MWK,Malawian kwacha,MK,.mw,Malawi,Africa,Eastern Africa,Malawian,"[{""tzName"": ""Central Africa Time"", ""zoneName"": ""Africa/Blantyre"", ""gmtOffset"": 7200, ""abbreviation"": ""CAT"", ""gmtOffsetName"": ""UTC+02:00""}]","{""de"": ""Malawi"", ""es"": ""Malawi"", ""fa"": ""مالاوی"", ""fr"": ""Malawi"", ""hr"": ""Malavi"", ""it"": ""Malawi"", ""ja"": ""マラウイ"", ""ko"": ""말라위"", ""nl"": ""Malawi"", ""pl"": ""Malawi"", ""pt"": ""Malávi"", ""ru"": ""Малави"", ""tr"": ""Malavi"", ""uk"": ""Малаві"", ""pt-BR"": ""Malawi"", ""zh-CN"": ""马拉维""}",-13.50000000,34.00000000,🇲🇼,U+1F1F2 U+1F1FC,2018-07-21T12:41:03,2023-08-09T02:34:58,1,Q1020,false,false
132,Malaysia,MYS,458,MY,60,Kuala Lumpur,MYR,Malaysian ringgit,RM,.my,Malaysia,Asia,South-Eastern Asia,Malaysian,"[{""tzName"": ""Malaysia Time"", ""zoneName"": ""Asia/Kuala_Lumpur"", ""gmtOffset"": 28800, ""abbreviation"": ""MYT"", ""gmtOffsetName"": ""UTC+08:00""}, {""tzName"": ""Malaysia Time"", ""zoneName"": ""Asia/Kuching"", ""gmtOffset"": 28800, ""abbreviation"": ""MYT"", ""gmtOffsetName"": ""UTC+08:00""}]","{""de"": ""Malaysia"", ""es"": ""Malasia"", ""fa"": ""مالزی"", ""fr"": ""Malaisie"", ""hr"": ""Malezija"", ""it"": ""Malesia"", ""ja"": ""マレーシア"", ""ko"": ""말레이시아"", ""nl"": ""Maleisië"", ""pl"": ""Malezja"", ""pt"": ""Malásia"", ""ru"": ""Малайзия"", ""tr"": ""Malezya"", ""uk"": ""Малайзія"", ""pt-BR"": ""Malásia"", ""zh-CN"": ""马来西亚""}",2.50000000,112.50000000,🇲🇾,U+1F1F2 U+1F1FE,2018-07-21T12:41:03,2023-08-10T00:53:19,1,Q833,false,false
133,Maldives,MDV,462,MV,960,Male,MVR,Maldivian rufiyaa,Rf,.mv,Maldives,Asia,Southern Asia,Maldivian,"[{""tzName"": ""Maldives Time"", ""zoneName"": ""Indian/Maldives"", ""gmtOffset"": 18000, ""abbreviation"": ""MVT"", ""gmtOffsetName"": ""UTC+05:00""}]","{""de"": ""Malediven"", ""es"": ""Maldivas"", ""fa"": ""مالدیو"", ""fr"": ""Maldives"", ""hr"": ""Maldivi"", ""it"": ""Maldive"", ""ja"": ""モルディブ"", ""ko"": ""몰디브"", ""nl"": ""Maldiven"", ""pl"": ""Malediwy"", ""pt"": ""Maldivas"", ""ru"": ""Мальдивы"", ""tr"": ""Maldivler"", ""uk"": ""Мальдіви"", ""pt-BR"": ""Maldivas"", ""zh-CN"": ""马尔代夫""}",3.25000000,73.00000000,🇲🇻,U+1F1F2 U+1F1FB,2018-07-21T12:41:03,2023-08-10T00:53:19,1,Q826,false,false
134,Mali,MLI,466,ML,223,Bamako,XOF,West African CFA franc,CFA,.ml,Mali,Africa,Western Africa,"Malian, Malinese","[{""tzName"": ""Greenwich Mean Time"", ""zoneName"": ""Africa/Bamako"", ""gmtOffset"": 0, ""abbreviation"": ""GMT"", ""gmtOffsetName"": ""UTC±00""}]","{""de"": ""Mali"", ""es"": ""Mali"", ""fa"": ""مالی"", ""fr"": ""Mali"", ""hr"": ""Mali"", ""it"": ""Mali"", ""ja"": ""マリ"", ""ko"": ""말리"", ""nl"": ""Mali"", ""pl"": ""Mali"", ""pt"": ""Mali"", ""ru"": ""Мали"", ""tr"": ""Mali"", ""uk"": ""Малі"", ""pt-BR"": ""Mali"", ""zh-CN"": ""马里""}",17.00000000,-4.00000000,🇲🇱,U+1F1F2 U+1F1F1,2018-07-21T12:41:03,2023-08-10T00:53:19,1,Q912,false,false
135,Malta,MLT,470,MT,356,Valletta,EUR,Euro,€,.mt,Malta,Europe,Southern Europe,Maltese,"[{""tzName"": ""Central European Time"", ""zoneName"": ""Europe/Malta"", ""gmtOffset"": 3600, ""abbreviation"": ""CET"", ""gmtOffsetName"": ""UTC+01:00""}]","{""de"": ""Malta"", ""es"": ""Malta"", ""fa"": ""مالت"", ""fr"": ""Malte"", ""hr"": ""Malta"", ""it"": ""Malta"", ""ja"": ""マルタ"", ""ko"": ""몰타"", ""nl"": ""Malta"", ""pl"": ""Malta"", ""pt"": ""Malta"", ""ru"": ""Мальта"", ""tr"": ""Malta"", ""uk"": ""Мальта"", ""pt-BR"": ""Malta"", ""zh-CN"": ""马耳他""}",35.83333333,14.58333333,🇲🇹,U+1F1F2 U+1F1F9,2018-07-21T12:41:03,2023-08-10T00:53:19,1,Q233,false,false
136,Man (Isle of),IMN,833,IM,44,"Douglas, Isle of Man",GBP,British pound,£,.im,Isle of Man,Europe,Northern Europe,Manx,"[{""tzName"": ""Greenwich Mean Time"", ""zoneName"": ""Europe/Isle_of_Man"", ""gmtOffset"": 0, ""abbreviation"": ""GMT"", ""gmtOffsetName"": ""UTC±00""}]","{""de"": ""Insel Man"", ""es"": ""Isla de Man"", ""fa"": ""جزیره من"", ""fr"": ""Île de Man"", ""hr"": ""Otok Man"", ""it"": ""Isola di Man"", ""ja"": ""マン島"", ""ko"": ""맨 섬"", ""nl"": ""Isle of Man"", ""pl"": ""Man (Wyspa)"", ""pt"": ""Ilha de Man"", ""ru"": ""Мэн (остров)"", ""tr"": ""Man Adasi"", ""uk"": ""Мен (острів Мен)"", ""pt-BR"": ""Ilha de Man"", ""zh-CN"": ""马恩岛""}",54.25000000,-4.50000000,🇮🇲,U+1F1EE U+1F1F2,2018-07-21T12:41:03,2024-09-05T16:47:03,1,,false,false
137,Marshall Islands,MHL,584,MH,692,Majuro,USD,United States dollar,$,.mh,M̧ajeļ,Oceania,Micronesia,Marshallese,"[{""tzName"": ""Marshall Islands Time"", ""zoneName"": ""Pacific/Kwajalein"", ""gmtOffset"": 43200, ""abbreviation"": ""MHT"", ""gmtOffsetName"": ""UTC+12:00""}, {""tzName"": ""Marshall Islands Time"", ""zoneName"": ""Pacific/Majuro"", ""gmtOffset"": 43200, ""abbreviation"": ""MHT"", ""gmtOffsetName"": ""UTC+12:00""}]","{""de"": ""Marshallinseln"", ""es"": ""Islas Marshall"", ""fa"": ""جزایر مارشال"", ""fr"": ""Îles Marshall"", ""hr"": ""Maršalovi Otoci"", ""it"": ""Isole Marshall"", ""ja"": ""マーシャル諸島"", ""ko"": ""마셜 제도"", ""nl"": ""Marshalleilanden"", ""pl"": ""Wyspy Marshalla"", ""pt"": ""Ilhas Marshall"", ""ru"": ""Маршалловы острова"", ""tr"": ""Marşal Adalari"", ""uk"": ""Маршаллові острови"", ""pt-BR"": ""Ilhas Marshall"", ""zh-CN"": ""马绍尔群岛""}",9.00000000,168.00000000,🇲🇭,U+1F1F2 U+1F1ED,2018-07-21T12:41:03,2023-08-10T00:53:19,1,Q709,false,false
138,Martinique,MTQ,474,MQ,596,Fort-de-France,EUR,Euro,€,.mq,Martinique,Americas,Caribbean,"Martiniquais, Martinican","[{""tzName"": ""Atlantic Standard Time"", ""zoneName"": ""America/Martinique"", ""gmtOffset"": -14400, ""abbreviation"": ""AST"", ""gmtOffsetName"": ""UTC-04:00""}]","{""de"": ""Martinique"", ""es"": ""Martinica"", ""fa"": ""مونتسرات"", ""fr"": ""Martinique"", ""hr"": ""Martinique"", ""it"": ""Martinica"", ""ja"": ""マルティニーク"", ""ko"": ""마르티니크"", ""nl"": ""Martinique"", ""pl"": ""Martynika"", ""pt"": ""Martinica"", ""ru"": ""Мартиника"", ""tr"": ""Martinik"", ""uk"": ""Мартініка"", ""pt-BR"": ""Martinica"", ""zh-CN"": ""马提尼克岛""}",14.66666700,-61.00000000,🇲🇶,U+1F1F2 U+1F1F6,2018-07-21T12:41:03,2024-12-19T21:04:08,1,Q17054,false,false
139,Mauritania,MRT,478,MR,222,Nouakchott,MRU,Mauritanian ouguiya,UM,.mr,موريتانيا,Africa,Western Africa,Mauritanian,"[{""tzName"": ""Greenwich Mean Time"", ""zoneName"": ""Africa/Nouakchott"", ""gmtOffset"": 0, ""abbreviation"": ""GMT"", ""gmtOffsetName"": ""UTC±00""}]","{""de"": ""Mauretanien"", ""es"": ""Mauritania"", ""fa"": ""موریتانی"", ""fr"": ""Mauritanie"", ""hr"": ""Mauritanija"", ""it"": ""Mauritania"", ""ja"": ""モーリタニア"", ""ko"": ""모리타니"", ""nl"": ""Mauritanië"", ""pl"": ""Mauretania"", ""pt"": ""Mauritânia"", ""ru"": ""Мавритания"", ""tr"": ""Moritanya"", ""uk"": ""Мавританія"", ""pt-BR"": ""Mauritânia"", ""zh-CN"": ""毛里塔尼亚""}",20.00000000,-12.00000000,🇲🇷,U+1F1F2 U+1F1F7,2018-07-21T12:41:03,2025-03-22T20:09:58,1,Q1025,false,false
140,Mauritius,MUS,480,MU,230,Port Louis,MUR,Mauritian rupee,₨,.mu,Maurice,Africa,Eastern Africa,Mauritian,"[{""tzName"": ""Mauritius Time"", ""zoneName"": ""Indian/Mauritius"", ""gmtOffset"": 14400, ""abbreviation"": ""MUT"", ""gmtOffsetName"": ""UTC+04:00""}]","{""de"": ""Mauritius"", ""es"": ""Mauricio"", ""fa"": ""موریس"", ""fr"": ""Île Maurice"", ""hr"": ""Mauricijus"", ""it"": ""Mauritius"", ""ja"": ""モーリシャス"", ""ko"": ""모리셔스"", ""nl"": ""Mauritius"", ""pl"": ""Mauritius"", ""pt"": ""Maurícia"", ""ru"": ""Маврикий"", ""tr"": ""Morityus"", ""uk"": ""Маврикій"", ""pt-BR"": ""Maurício"", ""zh-CN"": ""毛里求斯""}",-20.28333333,57.55000000,🇲🇺,U+1F1F2 U+1F1FA,2018-07-21T12:41:03,2023-08-10T00:53:19,1,Q1027,false,false
141,Mayotte,MYT,175,YT,262,Mamoudzou,EUR,Euro,€,.yt,Mayotte,Africa,Eastern Africa,Mahoran,"[{""tzName"": ""East Africa Time"", ""zoneName"": ""Indian/Mayotte"", ""gmtOffset"": 10800, ""abbreviation"": ""EAT"", ""gmtOffsetName"": ""UTC+03:00""}]","{""de"": ""Mayotte"", ""es"": ""Mayotte"", ""fa"": ""مایوت"", ""fr"": ""Mayotte"", ""hr"": ""Mayotte"", ""it"": ""Mayotte"", ""ja"": ""マヨット"", ""ko"": ""마요트"", ""nl"": ""Mayotte"", ""pl"": ""Majotta"", ""pt"": ""Mayotte"", ""ru"": ""Майотта"", ""tr"": ""Mayotte"", ""uk"": ""Майотта"", ""pt-BR"": ""Mayotte"", ""zh-CN"": ""马约特""}",-12.83333333,45.16666666,🇾🇹,U+1F1FE U+1F1F9,2018-07-21T12:41:03,2024-12-19T21:04:08,1,Q17063,false,false
142,Mexico,MEX,484,MX,52,Ciudad de México,MXN,Mexican peso,$,.mx,México,Americas,Central America,Mexican,"[{""tzName"": ""Central Standard Time (North America"", ""zoneName"": ""America/Bahia_Banderas"", ""gmtOffset"": -21600, ""abbreviation"": ""CST"", ""gmtOffsetName"": ""UTC-06:00""}, {""tzName"": ""Eastern Standard Time (North America"", ""zoneName"": ""America/Cancun"", ""gmtOffset"": -18000, ""abbreviation"": ""EST"", ""gmtOffsetName"": ""UTC-05:00""}, {""tzName"": ""Mountain Standard Time (North America"", ""zoneName"": ""America/Chihuahua"", ""gmtOffset"": -25200, ""abbreviation"": ""MST"", ""gmtOffsetName"": ""UTC-07:00""}, {""tzName"": ""Mountain Standard Time (North America"", ""zoneName"": ""America/Hermosillo"", ""gmtOffset"": -25200, ""abbreviation"": ""MST"", ""gmtOffsetName"": ""UTC-07:00""}, {""tzName"": ""Central Standard Time (North America"", ""zoneName"": ""America/Matamoros"", ""gmtOffset"": -21600, ""abbreviation"": ""CST"", ""gmtOffsetName"": ""UTC-06:00""}, {""tzName"": ""Mountain Standard Time (North America"", ""zoneName"": ""America/Mazatlan"", ""gmtOffset"": -25200, ""abbreviation"": ""MST"", ""gmtOffsetName"": ""UTC-07:00""}, {""tzName"": ""Central Standard Time (North America"", ""zoneName"": ""America/Merida"", ""gmtOffset"": -21600, ""abbreviation"": ""CST"", ""gmtOffsetName"": ""UTC-06:00""}, {""tzName"": ""Central Standard Time (North America"", ""zoneName"": ""America/Mexico_City"", ""gmtOffset"": -21600, ""abbreviation"": ""CST"", ""gmtOffsetName"": ""UTC-06:00""}, {""tzName"": ""Central Standard Time (North America"", ""zoneName"": ""America/Monterrey"", ""gmtOffset"": -21600, ""abbreviation"": ""CST"", ""gmtOffsetName"": ""UTC-06:00""}, {""tzName"": ""Mountain Standard Time (North America"", ""zoneName"": ""America/Ojinaga"", ""gmtOffset"": -25200, ""abbreviation"": ""MST"", ""gmtOffsetName"": ""UTC-07:00""}, {""tzName"": ""Pacific Standard Time (North America"", ""zoneName"": ""America/Tijuana"", ""gmtOffset"": -28800, ""abbreviation"": ""PST"", ""gmtOffsetName"": ""UTC-08:00""}]","{""de"": ""Mexiko"", ""es"": ""México"", ""fa"": ""مکزیک"", ""fr"": ""Mexique"", ""hr"": ""Meksiko"", ""it"": ""Messico"", ""ja"": ""メキシコ"", ""ko"": ""멕시코"", ""nl"": ""Mexico"", ""pl"": ""Meksyk"", ""pt"": ""México"", ""ru"": ""Мексика"", ""tr"": ""Meksika"", ""uk"": ""Мексика"", ""pt-BR"": ""México"", ""zh-CN"": ""墨西哥""}",23.00000000,-102.00000000,🇲🇽,U+1F1F2 U+1F1FD,2018-07-21T12:41:03,2023-08-10T00:53:19,1,Q96,false,false
143,Micronesia,FSM,583,FM,691,Palikir,USD,United States dollar,$,.fm,Micronesia,Oceania,Micronesia,Micronesian,"[{""tzName"": ""Chuuk Time"", ""zoneName"": ""Pacific/Chuuk"", ""gmtOffset"": 36000, ""abbreviation"": ""CHUT"", ""gmtOffsetName"": ""UTC+10:00""}, {""tzName"": ""Kosrae Time"", ""zoneName"": ""Pacific/Kosrae"", ""gmtOffset"": 39600, ""abbreviation"": ""KOST"", ""gmtOffsetName"": ""UTC+11:00""}, {""tzName"": ""Pohnpei Standard Time"", ""zoneName"": ""Pacific/Pohnpei"", ""gmtOffset"": 39600, ""abbreviation"": ""PONT"", ""gmtOffsetName"": ""UTC+11:00""}]","{""de"": ""Mikronesien"", ""es"": ""Micronesia"", ""fa"": ""ایالات فدرال میکرونزی"", ""fr"": ""Micronésie"", ""hr"": ""Mikronezija"", ""it"": ""Micronesia"", ""ja"": ""ミクロネシア連邦"", ""ko"": ""미크로네시아 연방"", ""nl"": ""Micronesië"", ""pl"": ""Mikronezja"", ""pt"": ""Micronésia"", ""ru"": ""Микронезия"", ""tr"": ""Mikronezya"", ""uk"": ""Мікронезія"", ""pt-BR"": ""Micronésia"", ""zh-CN"": ""密克罗尼西亚""}",6.91666666,158.25000000,🇫🇲,U+1F1EB U+1F1F2,2018-07-21T12:41:03,2023-08-10T00:53:19,1,Q702,false,false
144,Moldova,MDA,498,MD,373,Chisinau,MDL,Moldovan leu,L,.md,Moldova,Europe,Eastern Europe,Moldovan,"[{""tzName"": ""Eastern European Time"", ""zoneName"": ""Europe/Chisinau"", ""gmtOffset"": 7200, ""abbreviation"": ""EET"", ""gmtOffsetName"": ""UTC+02:00""}]","{""de"": ""Moldawie"", ""es"": ""Moldavia"", ""fa"": ""مولداوی"", ""fr"": ""Moldavie"", ""hr"": ""Moldova"", ""it"": ""Moldavia"", ""ja"": ""モルドバ共和国"", ""ko"": ""몰도바"", ""nl"": ""Moldavië"", ""pl"": ""Mołdawia"", ""pt"": ""Moldávia"", ""ru"": ""Молдова"", ""tr"": ""Moldova"", ""uk"": ""Молдова"", ""pt-BR"": ""Moldávia"", ""zh-CN"": ""摩尔多瓦""}",47.00000000,29.00000000,🇲🇩,U+1F1F2 U+1F1E9,2018-07-21T12:41:03,2023-08-10T00:53:19,1,Q217,false,false
145,Monaco,MCO,492,MC,377,Monaco,EUR,Euro,€,.mc,Monaco,Europe,Western Europe,"Monegasque, Monacan","[{""tzName"": ""Central European Time"", ""zoneName"": ""Europe/Monaco"", ""gmtOffset"": 3600, ""abbreviation"": ""CET"", ""gmtOffsetName"": ""UTC+01:00""}]","{""de"": ""Monaco"", ""es"": ""Mónaco"", ""fa"": ""موناکو"", ""fr"": ""Monaco"", ""hr"": ""Monako"", ""it"": ""Principato di Monaco"", ""ja"": ""モナコ"", ""ko"": ""모나코"", ""nl"": ""Monaco"", ""pl"": ""Monako"", ""pt"": ""Mónaco"", ""ru"": ""Монако"", ""tr"": ""Monako"", ""uk"": ""Монако"", ""pt-BR"": ""Mônaco"", ""zh-CN"": ""摩纳哥""}",43.73333333,7.40000000,🇲🇨,U+1F1F2 U+1F1E8,2018-07-21T12:41:03,2023-08-11T21:15:55,1,Q235,false,false
146,Mongolia,MNG,496,MN,976,Ulan Bator,MNT,Mongolian tögrög,₮,.mn,Монгол улс,Asia,Eastern Asia,Mongolian,"[{""tzName"": ""Choibalsan Standard Time"", ""zoneName"": ""Asia/Choibalsan"", ""gmtOffset"": 28800, ""abbreviation"": ""CHOT"", ""gmtOffsetName"": ""UTC+08:00""}, {""tzName"": ""Hovd Time"", ""zoneName"": ""Asia/Hovd"", ""gmtOffset"": 25200, ""abbreviation"": ""HOVT"", ""gmtOffsetName"": ""UTC+07:00""}, {""tzName"": ""Ulaanbaatar Standard Time"", ""zoneName"": ""Asia/Ulaanbaatar"", ""gmtOffset"": 28800, ""abbreviation"": ""ULAT"", ""gmtOffsetName"": ""UTC+08:00""}]","{""de"": ""Mongolei"", ""es"": ""Mongolia"", ""fa"": ""مغولستان"", ""fr"": ""Mongolie"", ""hr"": ""Mongolija"", ""it"": ""Mongolia"", ""ja"": ""モンゴル"", ""ko"": ""몽골"", ""nl"": ""Mongolië"", ""pl"": ""Mongolia"", ""pt"": ""Mongólia"", ""ru"": ""Монголия"", ""tr"": ""Moğolistan"", ""uk"": ""Монголія"", ""pt-BR"": ""Mongólia"", ""zh-CN"": ""蒙古""}",46.00000000,105.00000000,🇲🇳,U+1F1F2 U+1F1F3,2018-07-21T12:41:03,2023-08-10T00:53:19,1,Q711,false,false
147,Montenegro,MNE,499,ME,382,Podgorica,EUR,Euro,€,.me,Црна Гора,Europe,Southern Europe,Montenegrin,"[{""tzName"": ""Central European Time"", ""zoneName"": ""Europe/Podgorica"", ""gmtOffset"": 3600, ""abbreviation"": ""CET"", ""gmtOffsetName"": ""UTC+01:00""}]","{""de"": ""Montenegro"", ""es"": ""Montenegro"", ""fa"": ""مونته‌نگرو"", ""fr"": ""Monténégro"", ""hr"": ""Crna Gora"", ""it"": ""Montenegro"", ""ja"": ""モンテネグロ"", ""ko"": ""몬테네그로"", ""nl"": ""Montenegro"", ""pl"": ""Czarnogóra"", ""pt"": ""Montenegro"", ""ru"": ""Черногория"", ""tr"": ""Karadağ"", ""uk"": ""Чорногорія"", ""pt-BR"": ""Montenegro"", ""zh-CN"": ""黑山""}",42.50000000,19.30000000,🇲🇪,U+1F1F2 U+1F1EA,2018-07-21T12:41:03,2023-08-10T00:53:19,1,Q236,false,false
148,Montserrat,MSR,500,MS,1,Plymouth,XCD,Eastern Caribbean dollar,$,.ms,Montserrat,Americas,Caribbean,Montserratian,"[{""tzName"": ""Atlantic Standard Time"", ""zoneName"": ""America/Montserrat"", ""gmtOffset"": -14400, ""abbreviation"": ""AST"", ""gmtOffsetName"": ""UTC-04:00""}]","{""de"": ""Montserrat"", ""es"": ""Montserrat"", ""fa"": ""مایوت"", ""fr"": ""Montserrat"", ""hr"": ""Montserrat"", ""it"": ""Montserrat"", ""ja"": ""モントセラト"", ""ko"": ""몬트세랫"", ""nl"": ""Montserrat"", ""pl"": ""Montserrat"", ""pt"": ""Monserrate"", ""ru"": ""Монтсеррат"", ""tr"": ""Montserrat"", ""uk"": ""Монтсеррат"", ""pt-BR"": ""Montserrat"", ""zh-CN"": ""蒙特塞拉特""}",16.75000000,-62.20000000,🇲🇸,U+1F1F2 U+1F1F8,2018-07-21T12:41:03,2024-12-19T21:04:08,1,Q13353,false,false
149,Morocco,MAR,504,MA,212,Rabat,MAD,Moroccan dirham,DH,.ma,المغرب,Africa,Northern Africa,Moroccan,"[{""tzName"": ""Western European Summer Time"", ""zoneName"": ""Africa/Casablanca"", ""gmtOffset"": 3600, ""abbreviation"": ""WEST"", ""gmtOffsetName"": ""UTC+01:00""}]","{""de"": ""Marokko"", ""es"": ""Marruecos"", ""fa"": ""مراکش"", ""fr"": ""Maroc"", ""hr"": ""Maroko"", ""it"": ""Marocco"", ""ja"": ""モロッコ"", ""ko"": ""모로코"", ""nl"": ""Marokko"", ""pl"": ""Maroko"", ""pt"": ""Marrocos"", ""ru"": ""Марокко"", ""tr"": ""Fas"", ""uk"": ""Марокко"", ""pt-BR"": ""Marrocos"", ""zh-CN"": ""摩洛哥""}",32.00000000,-5.00000000,🇲🇦,U+1F1F2 U+1F1E6,2018-07-21T12:41:03,2023-08-10T00:53:19,1,Q1028,false,false
150,Mozambique,MOZ,508,MZ,258,Maputo,MZN,Mozambican metical,MT,.mz,Moçambique,Africa,Eastern Africa,Mozambican,"[{""tzName"": ""Central Africa Time"", ""zoneName"": ""Africa/Maputo"", ""gmtOffset"": 7200, ""abbreviation"": ""CAT"", ""gmtOffsetName"": ""UTC+02:00""}]","{""de"": ""Mosambik"", ""es"": ""Mozambique"", ""fa"": ""موزامبیک"", ""fr"": ""Mozambique"", ""hr"": ""Mozambik"", ""it"": ""Mozambico"", ""ja"": ""モザンビーク"", ""ko"": ""모잠비크"", ""nl"": ""Mozambique"", ""pl"": ""Mozambik"", ""pt"": ""Moçambique"", ""ru"": ""Мозамбик"", ""tr"": ""Mozambik"", ""uk"": ""Мозамбік"", ""pt-BR"": ""Moçambique"", ""zh-CN"": ""莫桑比克""}",-18.25000000,35.00000000,🇲🇿,U+1F1F2 U+1F1FF,2018-07-21T12:41:03,2023-08-10T00:53:19,1,Q1029,false,false
151,Myanmar,MMR,104,MM,95,Nay Pyi Taw,MMK,Burmese kyat,K,.mm,မြန်မာ,Asia,South-Eastern Asia,Burmese,"[{""tzName"": ""Myanmar Standard Time"", ""zoneName"": ""Asia/Yangon"", ""gmtOffset"": 23400, ""abbreviation"": ""MMT"", ""gmtOffsetName"": ""UTC+06:30""}]","{""de"": ""Myanmar"", ""es"": ""Myanmar"", ""fa"": ""میانمار"", ""fr"": ""Myanmar"", ""hr"": ""Mijanmar"", ""it"": ""Birmania"", ""ja"": ""ミャンマー"", ""ko"": ""미얀마"", ""nl"": ""Myanmar"", ""pl"": ""Birma"", ""pt"": ""Myanmar"", ""ru"": ""Мьянма"", ""tr"": ""Myanmar"", ""uk"": ""М'янма"", ""pt-BR"": ""Myanmar"", ""zh-CN"": ""缅甸""}",22.00000000,98.00000000,🇲🇲,U+1F1F2 U+1F1F2,2018-07-21T12:41:03,2023-08-10T00:53:19,1,Q836,false,false
152,Namibia,NAM,516,NA,264,Windhoek,NAD,Namibian dollar,$,.na,Namibia,Africa,Southern Africa,Namibian,"[{""tzName"": ""West Africa Summer Time"", ""zoneName"": ""Africa/Windhoek"", ""gmtOffset"": 7200, ""abbreviation"": ""WAST"", ""gmtOffsetName"": ""UTC+02:00""}]","{""de"": ""Namibia"", ""es"": ""Namibia"", ""fa"": ""نامیبیا"", ""fr"": ""Namibie"", ""hr"": ""Namibija"", ""it"": ""Namibia"", ""ja"": ""ナミビア"", ""ko"": ""나미비아"", ""nl"": ""Namibië"", ""pl"": ""Namibia"", ""pt"": ""Namíbia"", ""ru"": ""Намибия"", ""tr"": ""Namibya"", ""uk"": ""Намібія"", ""pt-BR"": ""Namíbia"", ""zh-CN"": ""纳米比亚""}",-22.00000000,17.00000000,🇳🇦,U+1F1F3 U+1F1E6,2018-07-21T12:41:03,2023-08-10T00:53:19,1,Q1030,false,false
153,Nauru,NRU,520,NR,674,Yaren,AUD,Australian dollar,$,.nr,Nauru,Oceania,Micronesia,Nauruan,"[{""tzName"": ""Nauru Time"", ""zoneName"": ""Pacific/Nauru"", ""gmtOffset"": 43200, ""abbreviation"": ""NRT"", ""gmtOffsetName"": ""UTC+12:00""}]","{""de"": ""Nauru"", ""es"": ""Nauru"", ""fa"": ""نائورو"", ""fr"": ""Nauru"", ""hr"": ""Nauru"", ""it"": ""Nauru"", ""ja"": ""ナウル"", ""ko"": ""나우루"", ""nl"": ""Nauru"", ""pl"": ""Nauru"", ""pt"": ""Nauru"", ""ru"": ""Науру"", ""tr"": ""Nauru"", ""uk"": ""Науру"", ""pt-BR"": ""Nauru"", ""zh-CN"": ""瑙鲁""}",-0.53333333,166.91666666,🇳🇷,U+1F1F3 U+1F1F7,2018-07-21T12:41:03,2023-08-10T00:53:19,1,Q697,false,false
154,Nepal,NPL,524,NP,977,Kathmandu,NPR,Nepalese rupee,₨,.np,नपल,Asia,Southern Asia,"Nepali, Nepalese","[{""tzName"": ""Nepal Time"", ""zoneName"": ""Asia/Kathmandu"", ""gmtOffset"": 20700, ""abbreviation"": ""NPT"", ""gmtOffsetName"": ""UTC+05:45""}]","{""de"": ""Népal"", ""es"": ""Nepal"", ""fa"": ""نپال"", ""fr"": ""Népal"", ""hr"": ""Nepal"", ""it"": ""Nepal"", ""ja"": ""ネパール"", ""ko"": ""네팔"", ""nl"": ""Nepal"", ""pl"": ""Nepal"", ""pt"": ""Nepal"", ""ru"": ""Непал"", ""tr"": ""Nepal"", ""uk"": ""Непал"", ""pt-BR"": ""Nepal"", ""zh-CN"": ""尼泊尔""}",28.00000000,84.00000000,🇳🇵,U+1F1F3 U+1F1F5,2018-07-21T12:41:03,2023-08-10T00:53:19,1,Q837,false,false
155,"Bonaire, Sint Eustatius and Saba",BES,535,BQ,599,Kralendijk,USD,United States dollar,$,.an,Caribisch Nederland,Americas,Caribbean,Bonaire,"[{""tzName"": ""Atlantic Standard Time"", ""zoneName"": ""America/Anguilla"", ""gmtOffset"": -14400, ""abbreviation"": ""AST"", ""gmtOffsetName"": ""UTC-04:00""}]","{""de"": ""Bonaire, Sint Eustatius und Saba"", ""fa"": ""بونیر"", ""fr"": ""Bonaire, Saint-Eustache et Saba"", ""it"": ""Bonaire, Saint-Eustache e Saba"", ""ko"": ""보네르 섬"", ""pl"": ""Bonaire, Sint Eustatius i Saba"", ""pt"": ""Bonaire"", ""ru"": ""Бонайре, Синт-Эстатиус и Саба"", ""tr"": ""Karayip Hollandasi"", ""uk"": ""Бонайре, Сент-Естатіус і Саба"", ""pt-BR"": ""Bonaire"", ""zh-CN"": ""博内尔岛、圣尤斯特歇斯和萨巴岛""}",12.15000000,-68.26666700,🇧🇶,U+1F1E7 U+1F1F6,2018-07-21T12:41:03,2023-08-09T02:34:58,1,Q27561,false,false
156,Netherlands,NLD,528,NL,31,Amsterdam,EUR,Euro,€,.nl,Nederland,Europe,Western Europe,"Dutch, Netherlandic","[{""tzName"": ""Central European Time"", ""zoneName"": ""Europe/Amsterdam"", ""gmtOffset"": 3600, ""abbreviation"": ""CET"", ""gmtOffsetName"": ""UTC+01:00""}]","{""de"": ""Niederlande"", ""es"": ""Países Bajos"", ""fa"": ""پادشاهی هلند"", ""fr"": ""Pays-Bas"", ""hr"": ""Nizozemska"", ""it"": ""Paesi Bassi"", ""ja"": ""オランダ"", ""ko"": ""네덜란드 "", ""nl"": ""Nederland"", ""pl"": ""Holandia"", ""pt"": ""Países Baixos"", ""ru"": ""Нидерланды"", ""tr"": ""Hollanda"", ""uk"": ""Нідерланди"", ""pt-BR"": ""Holanda"", ""zh-CN"": ""荷兰""}",52.50000000,5.75000000,🇳🇱,U+1F1F3 U+1F1F1,2018-07-21T12:41:03,2023-08-10T00:53:19,1,Q55,false,false
167,Pakistan,PAK,586,PK,92,Islamabad,PKR,Pakistani rupee,₨,.pk,پاکستان,Asia,Southern Asia,Pakistani,"[{""tzName"": ""Pakistan Standard Time"", ""zoneName"": ""Asia/Karachi"", ""gmtOffset"": 18000, ""abbreviation"": ""PKT"", ""gmtOffsetName"": ""UTC+05:00""}]","{""de"": ""Pakistan"", ""es"": ""Pakistán"", ""fa"": ""پاکستان"", ""fr"": ""Pakistan"", ""hr"": ""Pakistan"", ""it"": ""Pakistan"", ""ja"": ""パキスタン"", ""ko"": ""파키스탄"", ""nl"": ""Pakistan"", ""pl"": ""Pakistan"", ""pt"": ""Paquistão"", ""ru"": ""Пакистан"", ""tr"": ""Pakistan"", ""uk"": ""Пакистан"", ""pt-BR"": ""Paquistão"", ""zh-CN"": ""巴基斯坦""}",30.00000000,70.00000000,🇵🇰,U+1F1F5 U+1F1F0,2018-07-21T12:41:03,2024-12-23T15:55:53,1,Q843,false,false
157,New Caledonia,NCL,540,NC,687,Noumea,XPF,CFP franc,₣,.nc,Nouvelle-Calédonie,Oceania,Melanesia,New Caledonian,"[{""tzName"": ""New Caledonia Time"", ""zoneName"": ""Pacific/Noumea"", ""gmtOffset"": 39600, ""abbreviation"": ""NCT"", ""gmtOffsetName"": ""UTC+11:00""}]","{""de"": ""Neukaledonien"", ""es"": ""Nueva Caledonia"", ""fa"": ""کالدونیای جدید"", ""fr"": ""Nouvelle-Calédonie"", ""hr"": ""Nova Kaledonija"", ""it"": ""Nuova Caledonia"", ""ja"": ""ニューカレドニア"", ""ko"": ""누벨칼레도니"", ""nl"": ""Nieuw-Caledonië"", ""pl"": ""Nowa Kaledonia"", ""pt"": ""Nova Caledónia"", ""ru"": ""Новая Каледония"", ""tr"": ""Yeni Kaledonya"", ""uk"": ""Нова Каледонія"", ""pt-BR"": ""Nova Caledônia"", ""zh-CN"": ""新喀里多尼亚""}",-21.50000000,165.50000000,🇳🇨,U+1F1F3 U+1F1E8,2018-07-21T12:41:03,2024-12-19T21:04:08,1,Q33788,false,false
158,New Zealand,NZL,554,NZ,64,Wellington,NZD,New Zealand dollar,$,.nz,New Zealand,Oceania,Australia and New Zealand,"New Zealand, NZ","[{""tzName"": ""New Zealand Daylight Time"", ""zoneName"": ""Pacific/Auckland"", ""gmtOffset"": 46800, ""abbreviation"": ""NZDT"", ""gmtOffsetName"": ""UTC+13:00""}, {""tzName"": ""Chatham Standard Time"", ""zoneName"": ""Pacific/Chatham"", ""gmtOffset"": 49500, ""abbreviation"": ""CHAST"", ""gmtOffsetName"": ""UTC+13:45""}]","{""de"": ""Neuseeland"", ""es"": ""Nueva Zelanda"", ""fa"": ""نیوزیلند"", ""fr"": ""Nouvelle-Zélande"", ""hr"": ""Novi Zeland"", ""it"": ""Nuova Zelanda"", ""ja"": ""ニュージーランド"", ""ko"": ""뉴질랜드"", ""nl"": ""Nieuw-Zeeland"", ""pl"": ""Nowa Zelandia"", ""pt"": ""Nova Zelândia"", ""ru"": ""Новая Зеландия"", ""tr"": ""Yeni Zelanda"", ""uk"": ""Нова Зеландія"", ""pt-BR"": ""Nova Zelândia"", ""zh-CN"": ""新西兰""}",-41.00000000,174.00000000,🇳🇿,U+1F1F3 U+1F1FF,2018-07-21T12:41:03,2023-08-10T00:53:19,1,Q664,false,false
159,Nicaragua,NIC,558,NI,505,Managua,NIO,Nicaraguan córdoba,C$,.ni,Nicaragua,Americas,Central America,Nicaraguan,"[{""tzName"": ""Central Standard Time (North America"", ""zoneName"": ""America/Managua"", ""gmtOffset"": -21600, ""abbreviation"": ""CST"", ""gmtOffsetName"": ""UTC-06:00""}]","{""de"": ""Nicaragua"", ""es"": ""Nicaragua"", ""fa"": ""نیکاراگوئه"", ""fr"": ""Nicaragua"", ""hr"": ""Nikaragva"", ""it"": ""Nicaragua"", ""ja"": ""ニカラグア"", ""ko"": ""니카라과"", ""nl"": ""Nicaragua"", ""pl"": ""Nikaragua"", ""pt"": ""Nicarágua"", ""ru"": ""Никарагуа"", ""tr"": ""Nikaragua"", ""uk"": ""Нікарагуа"", ""pt-BR"": ""Nicarágua"", ""zh-CN"": ""尼加拉瓜""}",13.00000000,-85.00000000,🇳🇮,U+1F1F3 U+1F1EE,2018-07-21T12:41:03,2023-08-10T00:53:19,1,Q811,false,false
160,Niger,NER,562,NE,227,Niamey,XOF,West African CFA franc,CFA,.ne,Niger,Africa,Western Africa,Nigerien,"[{""tzName"": ""West Africa Time"", ""zoneName"": ""Africa/Niamey"", ""gmtOffset"": 3600, ""abbreviation"": ""WAT"", ""gmtOffsetName"": ""UTC+01:00""}]","{""de"": ""Niger"", ""es"": ""Níger"", ""fa"": ""نیجر"", ""fr"": ""Niger"", ""hr"": ""Niger"", ""it"": ""Niger"", ""ja"": ""ニジェール"", ""ko"": ""니제르"", ""nl"": ""Niger"", ""pl"": ""Niger"", ""pt"": ""Níger"", ""ru"": ""Нигер"", ""tr"": ""Nijer"", ""uk"": ""Нігер"", ""pt-BR"": ""Níger"", ""zh-CN"": ""尼日尔""}",16.00000000,8.00000000,🇳🇪,U+1F1F3 U+1F1EA,2018-07-21T12:41:03,2023-08-10T00:53:19,1,Q1032,false,false
161,Nigeria,NGA,566,NG,234,Abuja,NGN,Nigerian naira,₦,.ng,Nigeria,Africa,Western Africa,Nigerian,"[{""tzName"": ""West Africa Time"", ""zoneName"": ""Africa/Lagos"", ""gmtOffset"": 3600, ""abbreviation"": ""WAT"", ""gmtOffsetName"": ""UTC+01:00""}]","{""de"": ""Nigeria"", ""es"": ""Nigeria"", ""fa"": ""نیجریه"", ""fr"": ""Nigéria"", ""hr"": ""Nigerija"", ""it"": ""Nigeria"", ""ja"": ""ナイジェリア"", ""ko"": ""나이지리아"", ""nl"": ""Nigeria"", ""pl"": ""Nigeria"", ""pt"": ""Nigéria"", ""ru"": ""Нигерия"", ""tr"": ""Nijerya"", ""uk"": ""Нігерія"", ""pt-BR"": ""Nigéria"", ""zh-CN"": ""尼日利亚""}",10.00000000,8.00000000,🇳🇬,U+1F1F3 U+1F1EC,2018-07-21T12:41:03,2023-08-10T00:53:19,1,Q1033,false,false
162,Niue,NIU,570,NU,683,Alofi,NZD,New Zealand dollar,$,.nu,Niuē,Oceania,Polynesia,Niuean,"[{""tzName"": ""Niue Time"", ""zoneName"": ""Pacific/Niue"", ""gmtOffset"": -39600, ""abbreviation"": ""NUT"", ""gmtOffsetName"": ""UTC-11:00""}]","{""de"": ""Niue"", ""es"": ""Niue"", ""fa"": ""نیووی"", ""fr"": ""Niue"", ""hr"": ""Niue"", ""it"": ""Niue"", ""ja"": ""ニウエ"", ""ko"": ""니우에"", ""nl"": ""Niue"", ""pl"": ""Niue"", ""pt"": ""Niue"", ""ru"": ""Ниуэ"", ""tr"": ""Niue"", ""uk"": ""Ніуе"", ""pt-BR"": ""Niue"", ""zh-CN"": ""纽埃""}",-19.03333333,-169.86666666,🇳🇺,U+1F1F3 U+1F1FA,2018-07-21T12:41:03,2023-08-10T00:53:19,1,Q34020,false,false
163,Norfolk Island,NFK,574,NF,672,Kingston,AUD,Australian dollar,$,.nf,Norfolk Island,Oceania,Australia and New Zealand,Norfolk Island,"[{""tzName"": ""Norfolk Time"", ""zoneName"": ""Pacific/Norfolk"", ""gmtOffset"": 43200, ""abbreviation"": ""NFT"", ""gmtOffsetName"": ""UTC+12:00""}]","{""de"": ""Norfolkinsel"", ""es"": ""Isla de Norfolk"", ""fa"": ""جزیره نورفک"", ""fr"": ""Île de Norfolk"", ""hr"": ""Otok Norfolk"", ""it"": ""Isola Norfolk"", ""ja"": ""ノーフォーク島"", ""ko"": ""노퍽 섬"", ""nl"": ""Norfolkeiland"", ""pl"": ""Wyspa Norfolk"", ""pt"": ""Ilha Norfolk"", ""ru"": ""Остров Норфолк"", ""tr"": ""Norfolk Adasi"", ""uk"": ""Острів Норфолк"", ""pt-BR"": ""Ilha Norfolk"", ""zh-CN"": ""诺福克岛""}",-29.03333333,167.95000000,🇳🇫,U+1F1F3 U+1F1EB,2018-07-21T12:41:03,2024-12-19T21:04:08,1,Q31057,false,false
164,Northern Mariana Islands,MNP,580,MP,1,Saipan,USD,United States dollar,$,.mp,Northern Mariana Islands,Oceania,Micronesia,Northern Marianan,"[{""tzName"": ""Chamorro Standard Time"", ""zoneName"": ""Pacific/Saipan"", ""gmtOffset"": 36000, ""abbreviation"": ""ChST"", ""gmtOffsetName"": ""UTC+10:00""}]","{""de"": ""Nördliche Marianen"", ""es"": ""Islas Marianas del Norte"", ""fa"": ""جزایر ماریانای شمالی"", ""fr"": ""Îles Mariannes du Nord"", ""hr"": ""Sjevernomarijanski otoci"", ""it"": ""Isole Marianne Settentrionali"", ""ja"": ""北マリアナ諸島"", ""ko"": ""북마리아나 제도"", ""nl"": ""Noordelijke Marianeneilanden"", ""pl"": ""Mariany Północne"", ""pt"": ""Ilhas Marianas"", ""ru"": ""Северные Марианские острова"", ""tr"": ""Kuzey Mariana Adalari"", ""uk"": ""Північні Маріанські острови"", ""pt-BR"": ""Ilhas Marianas"", ""zh-CN"": ""北马里亚纳群岛""}",15.20000000,145.75000000,🇲🇵,U+1F1F2 U+1F1F5,2018-07-21T12:41:03,2024-12-19T21:04:08,1,Q16644,false,false
165,Norway,NOR,578,NO,47,Oslo,NOK,Norwegian krone,ko,.no,Norge,Europe,Northern Europe,Norwegian,"[{""tzName"": ""Central European Time"", ""zoneName"": ""Europe/Oslo"", ""gmtOffset"": 3600, ""abbreviation"": ""CET"", ""gmtOffsetName"": ""UTC+01:00""}]","{""de"": ""Norwegen"", ""es"": ""Noruega"", ""fa"": ""نروژ"", ""fr"": ""Norvège"", ""hr"": ""Norveška"", ""it"": ""Norvegia"", ""ja"": ""ノルウェー"", ""ko"": ""노르웨이"", ""nl"": ""Noorwegen"", ""pl"": ""Norwegia"", ""pt"": ""Noruega"", ""ru"": ""Норвегия"", ""tr"": ""Norveç"", ""uk"": ""Норвегія"", ""pt-BR"": ""Noruega"", ""zh-CN"": ""挪威""}",62.00000000,10.00000000,🇳🇴,U+1F1F3 U+1F1F4,2018-07-21T12:41:03,2023-08-10T00:53:19,1,Q20,false,false
166,Oman,OMN,512,OM,968,Muscat,OMR,Omani rial,.ع.ر,.om,عمان,Asia,Western Asia,Omani,"[{""tzName"": ""Gulf Standard Time"", ""zoneName"": ""Asia/Muscat"", ""gmtOffset"": 14400, ""abbreviation"": ""GST"", ""gmtOffsetName"": ""UTC+04:00""}]","{""de"": ""Oman"", ""es"": ""Omán"", ""fa"": ""عمان"", ""fr"": ""Oman"", ""hr"": ""Oman"", ""it"": ""oman"", ""ja"": ""オマーン"", ""ko"": ""오만"", ""nl"": ""Oman"", ""pl"": ""Oman"", ""pt"": ""Omã"", ""ru"": ""Оман"", ""tr"": ""Umman"", ""uk"": ""Оман"", ""pt-BR"": ""Omã"", ""zh-CN"": ""阿曼""}",21.00000000,57.00000000,🇴🇲,U+1F1F4 U+1F1F2,2018-07-21T12:41:03,2023-08-10T00:53:19,1,Q842,false,false
168,Palau,PLW,585,PW,680,Melekeok,USD,United States dollar,$,.pw,Palau,Oceania,Micronesia,Palauan,"[{""tzName"": ""Palau Time"", ""zoneName"": ""Pacific/Palau"", ""gmtOffset"": 32400, ""abbreviation"": ""PWT"", ""gmtOffsetName"": ""UTC+09:00""}]","{""de"": ""Palau"", ""es"": ""Palau"", ""fa"": ""پالائو"", ""fr"": ""Palaos"", ""hr"": ""Palau"", ""it"": ""Palau"", ""ja"": ""パラオ"", ""ko"": ""팔라우"", ""nl"": ""Palau"", ""pl"": ""Palau"", ""pt"": ""Palau"", ""ru"": ""Палау"", ""tr"": ""Palau"", ""uk"": ""Палау"", ""pt-BR"": ""Palau"", ""zh-CN"": ""帕劳""}",7.50000000,134.50000000,🇵🇼,U+1F1F5 U+1F1FC,2018-07-21T12:41:03,2023-08-10T00:53:19,1,Q695,false,false
169,Palestinian Territory Occupied,PSE,275,PS,970,East Jerusalem,ILS,Israeli new shekel,₪,.ps,فلسطين,Asia,Western Asia,Palestinian,"[{""tzName"": ""Eastern European Time"", ""zoneName"": ""Asia/Gaza"", ""gmtOffset"": 7200, ""abbreviation"": ""EET"", ""gmtOffsetName"": ""UTC+02:00""}, {""tzName"": ""Eastern European Time"", ""zoneName"": ""Asia/Hebron"", ""gmtOffset"": 7200, ""abbreviation"": ""EET"", ""gmtOffsetName"": ""UTC+02:00""}]","{""de"": ""Palästina"", ""es"": ""Palestina"", ""fa"": ""فلسطین"", ""fr"": ""Palestine"", ""hr"": ""Palestina"", ""it"": ""Palestina"", ""ja"": ""パレスチナ"", ""ko"": ""팔레스타인 영토"", ""nl"": ""Palestijnse gebieden"", ""pl"": ""Okupowane terytorium palestyńskie"", ""pt"": ""Palestina"", ""ru"": ""Оккупированная палестинская территория"", ""tr"": ""Filistin"", ""uk"": ""Окупована палестинська територія"", ""pt-BR"": ""Palestina"", ""zh-CN"": ""巴勒斯坦""}",31.90000000,35.20000000,🇵🇸,U+1F1F5 U+1F1F8,2018-07-21T12:41:03,2023-08-10T00:53:19,1,,false,false
170,Panama,PAN,591,PA,507,Panama City,PAB,Panamanian balboa,B/.,.pa,Panamá,Americas,Central America,Panamanian,"[{""tzName"": ""Eastern Standard Time (North America"", ""zoneName"": ""America/Panama"", ""gmtOffset"": -18000, ""abbreviation"": ""EST"", ""gmtOffsetName"": ""UTC-05:00""}]","{""de"": ""Panama"", ""es"": ""Panamá"", ""fa"": ""پاناما"", ""fr"": ""Panama"", ""hr"": ""Panama"", ""it"": ""Panama"", ""ja"": ""パナマ"", ""ko"": ""파나마"", ""nl"": ""Panama"", ""pl"": ""Panama"", ""pt"": ""Panamá"", ""ru"": ""Панама"", ""tr"": ""Panama"", ""uk"": ""Панама"", ""pt-BR"": ""Panamá"", ""zh-CN"": ""巴拿马""}",9.00000000,-80.00000000,🇵🇦,U+1F1F5 U+1F1E6,2018-07-21T12:41:03,2023-08-10T00:53:19,1,Q804,false,false
171,Papua New Guinea,PNG,598,PG,675,Port Moresby,PGK,Papua New Guinean kina,K,.pg,Papua Niugini,Oceania,Melanesia,"Papua New Guinean, Papuan","[{""tzName"": ""Bougainville Standard Time[6"", ""zoneName"": ""Pacific/Bougainville"", ""gmtOffset"": 39600, ""abbreviation"": ""BST"", ""gmtOffsetName"": ""UTC+11:00""}, {""tzName"": ""Papua New Guinea Time"", ""zoneName"": ""Pacific/Port_Moresby"", ""gmtOffset"": 36000, ""abbreviation"": ""PGT"", ""gmtOffsetName"": ""UTC+10:00""}]","{""de"": ""Papua-Neuguinea"", ""es"": ""Papúa Nueva Guinea"", ""fa"": ""پاپوآ گینه نو"", ""fr"": ""Papouasie-Nouvelle-Guinée"", ""hr"": ""Papua Nova Gvineja"", ""it"": ""Papua Nuova Guinea"", ""ja"": ""パプアニューギニア"", ""ko"": ""파푸아뉴기니"", ""nl"": ""Papoea-Nieuw-Guinea"", ""pl"": ""Papua-Nowa Gwinea"", ""pt"": ""Papua Nova Guiné"", ""ru"": ""Папуа - Новая Гвинея"", ""tr"": ""Papua Yeni Gine"", ""uk"": ""Папуа-Нова Гвінея"", ""pt-BR"": ""Papua Nova Guiné"", ""zh-CN"": ""巴布亚新几内亚""}",-6.00000000,147.00000000,🇵🇬,U+1F1F5 U+1F1EC,2018-07-21T12:41:03,2023-08-10T00:53:19,1,Q691,false,false
172,Paraguay,PRY,600,PY,595,Asuncion,PYG,Paraguayan guarani,₲,.py,Paraguay,Americas,South America,Paraguayan,"[{""tzName"": ""Paraguay Summer Time"", ""zoneName"": ""America/Asuncion"", ""gmtOffset"": -10800, ""abbreviation"": ""PYST"", ""gmtOffsetName"": ""UTC-03:00""}]","{""de"": ""Paraguay"", ""es"": ""Paraguay"", ""fa"": ""پاراگوئه"", ""fr"": ""Paraguay"", ""hr"": ""Paragvaj"", ""it"": ""Paraguay"", ""ja"": ""パラグアイ"", ""ko"": ""파라과이"", ""nl"": ""Paraguay"", ""pl"": ""Paragwaj"", ""pt"": ""Paraguai"", ""ru"": ""Парагвай"", ""tr"": ""Paraguay"", ""uk"": ""Парагвай"", ""pt-BR"": ""Paraguai"", ""zh-CN"": ""巴拉圭""}",-23.00000000,-58.00000000,🇵🇾,U+1F1F5 U+1F1FE,2018-07-21T12:41:03,2023-08-10T00:53:19,1,Q733,false,false
173,Peru,PER,604,PE,51,Lima,PEN,Peruvian sol,S/.,.pe,Perú,Americas,South America,Peruvian,"[{""tzName"": ""Peru Time"", ""zoneName"": ""America/Lima"", ""gmtOffset"": -18000, ""abbreviation"": ""PET"", ""gmtOffsetName"": ""UTC-05:00""}]","{""de"": ""Peru"", ""es"": ""Perú"", ""fa"": ""پرو"", ""fr"": ""Pérou"", ""hr"": ""Peru"", ""it"": ""Perù"", ""ja"": ""ペルー"", ""ko"": ""페루"", ""nl"": ""Peru"", ""pl"": ""Peru"", ""pt"": ""Peru"", ""ru"": ""Перу"", ""tr"": ""Peru"", ""uk"": ""Перу"", ""pt-BR"": ""Peru"", ""zh-CN"": ""秘鲁""}",-10.00000000,-76.00000000,🇵🇪,U+1F1F5 U+1F1EA,2018-07-21T12:41:03,2023-08-10T00:53:19,1,Q419,false,false
175,Pitcairn Island,PCN,612,PN,870,Adamstown,NZD,New Zealand dollar,$,.pn,Pitcairn Islands,Oceania,Polynesia,Pitcairn Island,"[{""tzName"": ""Pacific Standard Time (North America"", ""zoneName"": ""Pacific/Pitcairn"", ""gmtOffset"": -28800, ""abbreviation"": ""PST"", ""gmtOffsetName"": ""UTC-08:00""}]","{""de"": ""Pitcairn"", ""es"": ""Islas Pitcairn"", ""fa"": ""پیتکرن"", ""fr"": ""Îles Pitcairn"", ""hr"": ""Pitcairnovo otočje"", ""it"": ""Isole Pitcairn"", ""ja"": ""ピトケアン"", ""ko"": ""핏케언 제도"", ""nl"": ""Pitcairneilanden"", ""pl"": ""Wyspa Pitcairn"", ""pt"": ""Ilhas Picárnia"", ""ru"": ""Остров Питкэрн"", ""tr"": ""Pitcairn Adalari"", ""uk"": ""Острів Піткерн"", ""pt-BR"": ""Ilhas Pitcairn"", ""zh-CN"": ""皮特凯恩群岛""}",-25.06666666,-130.10000000,🇵🇳,U+1F1F5 U+1F1F3,2018-07-21T12:41:03,2024-12-19T21:04:08,1,Q1779748,false,false
176,Poland,POL,616,PL,48,Warsaw,PLN,Polish złoty,zł,.pl,Polska,Europe,Eastern Europe,Polish,"[{""tzName"": ""Central European Time"", ""zoneName"": ""Europe/Warsaw"", ""gmtOffset"": 3600, ""abbreviation"": ""CET"", ""gmtOffsetName"": ""UTC+01:00""}]","{""de"": ""Polen"", ""es"": ""Polonia"", ""fa"": ""لهستان"", ""fr"": ""Pologne"", ""hr"": ""Poljska"", ""it"": ""Polonia"", ""ja"": ""ポーランド"", ""ko"": ""폴란드"", ""nl"": ""Polen"", ""pl"": ""Polska"", ""pt"": ""Polónia"", ""ru"": ""Польша"", ""tr"": ""Polonya"", ""uk"": ""Польща"", ""pt-BR"": ""Polônia"", ""zh-CN"": ""波兰""}",52.00000000,20.00000000,🇵🇱,U+1F1F5 U+1F1F1,2018-07-21T12:41:03,2023-08-10T00:53:19,1,Q36,false,false
203,Somalia,SOM,706,SO,252,Mogadishu,SOS,Somali shilling,Sh.so.,.so,Soomaaliya,Africa,Eastern Africa,"Somali, Somalian","[{""tzName"": ""East Africa Time"", ""zoneName"": ""Africa/Mogadishu"", ""gmtOffset"": 10800, ""abbreviation"": ""EAT"", ""gmtOffsetName"": ""UTC+03:00""}]","{""de"": ""Somalia"", ""es"": ""Somalia"", ""fa"": ""سومالی"", ""fr"": ""Somalie"", ""hr"": ""Somalija"", ""it"": ""Somalia"", ""ja"": ""ソマリア"", ""ko"": ""소말리아"", ""nl"": ""Somalië"", ""pl"": ""Somalia"", ""pt"": ""Somália"", ""ru"": ""Сомали"", ""tr"": ""Somali"", ""uk"": ""Сомалі"", ""pt-BR"": ""Somália"", ""zh-CN"": ""索马里""}",10.00000000,49.00000000,🇸🇴,U+1F1F8 U+1F1F4,2018-07-21T12:41:03,2023-08-10T00:53:19,1,Q1045,false,false
177,Portugal,PRT,620,PT,351,Lisbon,EUR,Euro,€,.pt,Portugal,Europe,Southern Europe,Portuguese,"[{""tzName"": ""Azores Standard Time"", ""zoneName"": ""Atlantic/Azores"", ""gmtOffset"": -3600, ""abbreviation"": ""AZOT"", ""gmtOffsetName"": ""UTC-01:00""}, {""tzName"": ""Western European Time"", ""zoneName"": ""Atlantic/Madeira"", ""gmtOffset"": 0, ""abbreviation"": ""WET"", ""gmtOffsetName"": ""UTC±00""}, {""tzName"": ""Western European Time"", ""zoneName"": ""Europe/Lisbon"", ""gmtOffset"": 0, ""abbreviation"": ""WET"", ""gmtOffsetName"": ""UTC±00""}]","{""de"": ""Portugal"", ""es"": ""Portugal"", ""fa"": ""پرتغال"", ""fr"": ""Portugal"", ""hr"": ""Portugal"", ""it"": ""Portogallo"", ""ja"": ""ポルトガル"", ""ko"": ""포르투갈"", ""nl"": ""Portugal"", ""pl"": ""Portugalia"", ""pt"": ""Portugal"", ""ru"": ""Португалия"", ""tr"": ""Portekiz"", ""uk"": ""Португалія"", ""pt-BR"": ""Portugal"", ""zh-CN"": ""葡萄牙""}",39.50000000,-8.00000000,🇵🇹,U+1F1F5 U+1F1F9,2018-07-21T12:41:03,2023-08-10T00:53:19,1,Q45,false,false
178,Puerto Rico,PRI,630,PR,1,San Juan,USD,United States dollar,$,.pr,Puerto Rico,Americas,Caribbean,Puerto Rican,"[{""tzName"": ""Atlantic Standard Time"", ""zoneName"": ""America/Puerto_Rico"", ""gmtOffset"": -14400, ""abbreviation"": ""AST"", ""gmtOffsetName"": ""UTC-04:00""}]","{""de"": ""Puerto Rico"", ""es"": ""Puerto Rico"", ""fa"": ""پورتو ریکو"", ""fr"": ""Porto Rico"", ""hr"": ""Portoriko"", ""it"": ""Porto Rico"", ""ja"": ""プエルトリコ"", ""ko"": ""푸에르토리코"", ""nl"": ""Puerto Rico"", ""pl"": ""Portoryko"", ""pt"": ""Porto Rico"", ""ru"": ""Пуэрто-Рико"", ""tr"": ""Porto Riko"", ""uk"": ""Пуерто-Ріко"", ""pt-BR"": ""Porto Rico"", ""zh-CN"": ""波多黎各""}",18.25000000,-66.50000000,🇵🇷,U+1F1F5 U+1F1F7,2018-07-21T12:41:03,2024-12-19T21:04:08,1,Q1183,false,false
179,Qatar,QAT,634,QA,974,Doha,QAR,Qatari riyal,ق.ر,.qa,قطر,Asia,Western Asia,Qatari,"[{""tzName"": ""Arabia Standard Time"", ""zoneName"": ""Asia/Qatar"", ""gmtOffset"": 10800, ""abbreviation"": ""AST"", ""gmtOffsetName"": ""UTC+03:00""}]","{""de"": ""Katar"", ""es"": ""Catar"", ""fa"": ""قطر"", ""fr"": ""Qatar"", ""hr"": ""Katar"", ""it"": ""Qatar"", ""ja"": ""カタール"", ""ko"": ""카타르"", ""nl"": ""Qatar"", ""pl"": ""Katar"", ""pt"": ""Catar"", ""ru"": ""Катар"", ""tr"": ""Katar"", ""uk"": ""Катар"", ""pt-BR"": ""Catar"", ""zh-CN"": ""卡塔尔""}",25.50000000,51.25000000,🇶🇦,U+1F1F6 U+1F1E6,2018-07-21T12:41:03,2023-08-10T00:53:19,1,Q846,false,false
180,Reunion,REU,638,RE,262,Saint-Denis,EUR,Euro,€,.re,La Réunion,Africa,Eastern Africa,"Reunionese, Reunionnais","[{""tzName"": ""Réunion Time"", ""zoneName"": ""Indian/Reunion"", ""gmtOffset"": 14400, ""abbreviation"": ""RET"", ""gmtOffsetName"": ""UTC+04:00""}]","{""de"": ""Réunion"", ""es"": ""Reunión"", ""fa"": ""رئونیون"", ""fr"": ""Réunion"", ""hr"": ""Réunion"", ""it"": ""Riunione"", ""ja"": ""レユニオン"", ""ko"": ""레위니옹"", ""nl"": ""Réunion"", ""pl"": ""Reunion"", ""pt"": ""Reunião"", ""ru"": ""Воссоединение"", ""tr"": ""Réunion"", ""uk"": ""Возз'єднання"", ""pt-BR"": ""Reunião"", ""zh-CN"": ""留尼汪岛""}",-21.15000000,55.50000000,🇷🇪,U+1F1F7 U+1F1EA,2018-07-21T12:41:03,2024-12-19T21:04:08,1,Q293585,false,false
181,Romania,ROU,642,RO,40,Bucharest,RON,Romanian leu,lei,.ro,România,Europe,Eastern Europe,Romanian,"[{""tzName"": ""Eastern European Time"", ""zoneName"": ""Europe/Bucharest"", ""gmtOffset"": 7200, ""abbreviation"": ""EET"", ""gmtOffsetName"": ""UTC+02:00""}]","{""de"": ""Rumänien"", ""es"": ""Rumania"", ""fa"": ""رومانی"", ""fr"": ""Roumanie"", ""hr"": ""Rumunjska"", ""it"": ""Romania"", ""ja"": ""ルーマニア"", ""ko"": ""루마니아"", ""nl"": ""Roemenië"", ""pl"": ""Rumunia"", ""pt"": ""Roménia"", ""ru"": ""Румыния"", ""tr"": ""Romanya"", ""uk"": ""Румунія"", ""pt-BR"": ""Romênia"", ""zh-CN"": ""罗马尼亚""}",46.00000000,25.00000000,🇷🇴,U+1F1F7 U+1F1F4,2018-07-21T12:41:03,2023-08-10T00:53:19,1,Q218,false,false
182,Russia,RUS,643,RU,7,Moscow,RUB,Russian ruble,₽,.ru,Россия,Europe,Eastern Europe,Russian,"[{""tzName"": ""Anadyr Time[4"", ""zoneName"": ""Asia/Anadyr"", ""gmtOffset"": 43200, ""abbreviation"": ""ANAT"", ""gmtOffsetName"": ""UTC+12:00""}, {""tzName"": ""Krasnoyarsk Time"", ""zoneName"": ""Asia/Barnaul"", ""gmtOffset"": 25200, ""abbreviation"": ""KRAT"", ""gmtOffsetName"": ""UTC+07:00""}, {""tzName"": ""Yakutsk Time"", ""zoneName"": ""Asia/Chita"", ""gmtOffset"": 32400, ""abbreviation"": ""YAKT"", ""gmtOffsetName"": ""UTC+09:00""}, {""tzName"": ""Irkutsk Time"", ""zoneName"": ""Asia/Irkutsk"", ""gmtOffset"": 28800, ""abbreviation"": ""IRKT"", ""gmtOffsetName"": ""UTC+08:00""}, {""tzName"": ""Kamchatka Time"", ""zoneName"": ""Asia/Kamchatka"", ""gmtOffset"": 43200, ""abbreviation"": ""PETT"", ""gmtOffsetName"": ""UTC+12:00""}, {""tzName"": ""Yakutsk Time"", ""zoneName"": ""Asia/Khandyga"", ""gmtOffset"": 32400, ""abbreviation"": ""YAKT"", ""gmtOffsetName"": ""UTC+09:00""}, {""tzName"": ""Krasnoyarsk Time"", ""zoneName"": ""Asia/Krasnoyarsk"", ""gmtOffset"": 25200, ""abbreviation"": ""KRAT"", ""gmtOffsetName"": ""UTC+07:00""}, {""tzName"": ""Magadan Time"", ""zoneName"": ""Asia/Magadan"", ""gmtOffset"": 39600, ""abbreviation"": ""MAGT"", ""gmtOffsetName"": ""UTC+11:00""}, {""tzName"": ""Krasnoyarsk Time"", ""zoneName"": ""Asia/Novokuznetsk"", ""gmtOffset"": 25200, ""abbreviation"": ""KRAT"", ""gmtOffsetName"": ""UTC+07:00""}, {""tzName"": ""Novosibirsk Time"", ""zoneName"": ""Asia/Novosibirsk"", ""gmtOffset"": 25200, ""abbreviation"": ""NOVT"", ""gmtOffsetName"": ""UTC+07:00""}, {""tzName"": ""Omsk Time"", ""zoneName"": ""Asia/Omsk"", ""gmtOffset"": 21600, ""abbreviation"": ""OMST"", ""gmtOffsetName"": ""UTC+06:00""}, {""tzName"": ""Sakhalin Island Time"", ""zoneName"": ""Asia/Sakhalin"", ""gmtOffset"": 39600, ""abbreviation"": ""SAKT"", ""gmtOffsetName"": ""UTC+11:00""}, {""tzName"": ""Srednekolymsk Time"", ""zoneName"": ""Asia/Srednekolymsk"", ""gmtOffset"": 39600, ""abbreviation"": ""SRET"", ""gmtOffsetName"": ""UTC+11:00""}, {""tzName"": ""Moscow Daylight Time+3"", ""zoneName"": ""Asia/Tomsk"", ""gmtOffset"": 25200, ""abbreviation"": ""MSD+3"", ""gmtOffsetName"": ""UTC+07:00""}, {""tzName"": ""Vladivostok Time"", ""zoneName"": ""Asia/Ust-Nera"", ""gmtOffset"": 36000, ""abbreviation"": ""VLAT"", ""gmtOffsetName"": ""UTC+10:00""}, {""tzName"": ""Vladivostok Time"", ""zoneName"": ""Asia/Vladivostok"", ""gmtOffset"": 36000, ""abbreviation"": ""VLAT"", ""gmtOffsetName"": ""UTC+10:00""}, {""tzName"": ""Yakutsk Time"", ""zoneName"": ""Asia/Yakutsk"", ""gmtOffset"": 32400, ""abbreviation"": ""YAKT"", ""gmtOffsetName"": ""UTC+09:00""}, {""tzName"": ""Yekaterinburg Time"", ""zoneName"": ""Asia/Yekaterinburg"", ""gmtOffset"": 18000, ""abbreviation"": ""YEKT"", ""gmtOffsetName"": ""UTC+05:00""}, {""tzName"": ""Samara Time"", ""zoneName"": ""Europe/Astrakhan"", ""gmtOffset"": 14400, ""abbreviation"": ""SAMT"", ""gmtOffsetName"": ""UTC+04:00""}, {""tzName"": ""Eastern European Time"", ""zoneName"": ""Europe/Kaliningrad"", ""gmtOffset"": 7200, ""abbreviation"": ""EET"", ""gmtOffsetName"": ""UTC+02:00""}, {""tzName"": ""Moscow Time"", ""zoneName"": ""Europe/Kirov"", ""gmtOffset"": 10800, ""abbreviation"": ""MSK"", ""gmtOffsetName"": ""UTC+03:00""}, {""tzName"": ""Moscow Time"", ""zoneName"": ""Europe/Moscow"", ""gmtOffset"": 10800, ""abbreviation"": ""MSK"", ""gmtOffsetName"": ""UTC+03:00""}, {""tzName"": ""Samara Time"", ""zoneName"": ""Europe/Samara"", ""gmtOffset"": 14400, ""abbreviation"": ""SAMT"", ""gmtOffsetName"": ""UTC+04:00""}, {""tzName"": ""Moscow Daylight Time+4"", ""zoneName"": ""Europe/Saratov"", ""gmtOffset"": 14400, ""abbreviation"": ""MSD"", ""gmtOffsetName"": ""UTC+04:00""}, {""tzName"": ""Samara Time"", ""zoneName"": ""Europe/Ulyanovsk"", ""gmtOffset"": 14400, ""abbreviation"": ""SAMT"", ""gmtOffsetName"": ""UTC+04:00""}, {""tzName"": ""Moscow Standard Time"", ""zoneName"": ""Europe/Volgograd"", ""gmtOffset"": 14400, ""abbreviation"": ""MSK"", ""gmtOffsetName"": ""UTC+04:00""}]","{""de"": ""Russland"", ""es"": ""Rusia"", ""fa"": ""روسیه"", ""fr"": ""Russie"", ""hr"": ""Rusija"", ""it"": ""Russia"", ""ja"": ""ロシア連邦"", ""ko"": ""러시아"", ""nl"": ""Rusland"", ""pl"": ""Rosja"", ""pt"": ""Rússia"", ""ru"": ""Россия"", ""tr"": ""Rusya"", ""uk"": ""Росія"", ""pt-BR"": ""Rússia"", ""zh-CN"": ""俄罗斯联邦""}",60.00000000,100.00000000,🇷🇺,U+1F1F7 U+1F1FA,2018-07-21T12:41:03,2023-08-10T00:53:19,1,Q159,false,false
183,Rwanda,RWA,646,RW,250,Kigali,RWF,Rwandan franc,FRw,.rw,Rwanda,Africa,Eastern Africa,Rwandan,"[{""tzName"": ""Central Africa Time"", ""zoneName"": ""Africa/Kigali"", ""gmtOffset"": 7200, ""abbreviation"": ""CAT"", ""gmtOffsetName"": ""UTC+02:00""}]","{""de"": ""Ruanda"", ""es"": ""Ruanda"", ""fa"": ""رواندا"", ""fr"": ""Rwanda"", ""hr"": ""Ruanda"", ""it"": ""Ruanda"", ""ja"": ""ルワンダ"", ""ko"": ""르완다"", ""nl"": ""Rwanda"", ""pl"": ""Rwanda"", ""pt"": ""Ruanda"", ""ru"": ""Руанда"", ""tr"": ""Ruanda"", ""uk"": ""Руанда"", ""pt-BR"": ""Ruanda"", ""zh-CN"": ""卢旺达""}",-2.00000000,30.00000000,🇷🇼,U+1F1F7 U+1F1FC,2018-07-21T12:41:03,2023-08-10T00:53:19,1,Q1037,false,false
184,Saint Helena,SHN,654,SH,290,Jamestown,SHP,Saint Helena pound,£,.sh,Saint Helena,Africa,Western Africa,Saint Helenian,"[{""tzName"": ""Greenwich Mean Time"", ""zoneName"": ""Atlantic/St_Helena"", ""gmtOffset"": 0, ""abbreviation"": ""GMT"", ""gmtOffsetName"": ""UTC±00""}]","{""de"": ""Sankt Helena"", ""es"": ""Santa Helena"", ""fa"": ""سنت هلنا، اسنشن و تریستان دا کونا"", ""fr"": ""Sainte-Hélène"", ""hr"": ""Sveta Helena"", ""it"": ""Sant'Elena"", ""ja"": ""セントヘレナ・アセンションおよびトリスタンダクーニャ"", ""ko"": ""세인트헬레나"", ""nl"": ""Sint-Helena"", ""pl"": ""Święta Helena"", ""pt"": ""Santa Helena"", ""ru"": ""Святая Елена"", ""tr"": ""Saint Helena"", ""uk"": ""Свята Єлена"", ""pt-BR"": ""Santa Helena"", ""zh-CN"": ""圣赫勒拿""}",-15.95000000,-5.70000000,🇸🇭,U+1F1F8 U+1F1ED,2018-07-21T12:41:03,2024-12-19T21:04:08,1,Q34497,false,false
204,South Africa,ZAF,710,ZA,27,Pretoria,ZAR,South African rand,R,.za,South Africa,Africa,Southern Africa,South African,"[{""tzName"": ""South African Standard Time"", ""zoneName"": ""Africa/Johannesburg"", ""gmtOffset"": 7200, ""abbreviation"": ""SAST"", ""gmtOffsetName"": ""UTC+02:00""}]","{""de"": ""Republik Südafrika"", ""es"": ""República de Sudáfrica"", ""fa"": ""آفریقای جنوبی"", ""fr"": ""Afrique du Sud"", ""hr"": ""Južnoafrička Republika"", ""it"": ""Sud Africa"", ""ja"": ""南アフリカ"", ""ko"": ""남아프리카 공화국"", ""nl"": ""Zuid-Afrika"", ""pl"": ""Republika Południowej Afryki"", ""pt"": ""República Sul-Africana"", ""ru"": ""Южная Африка"", ""tr"": ""Güney Afrika Cumhuriyeti"", ""uk"": ""Південна Африка"", ""pt-BR"": ""República Sul-Africana"", ""zh-CN"": ""南非""}",-29.00000000,24.00000000,🇿🇦,U+1F1FF U+1F1E6,2018-07-21T12:41:03,2023-08-10T00:53:19,1,Q258,false,false
185,Saint Kitts and Nevis,KNA,659,KN,1,Basseterre,XCD,Eastern Caribbean dollar,$,.kn,Saint Kitts and Nevis,Americas,Caribbean,Kittitian or Nevisian,"[{""tzName"": ""Atlantic Standard Time"", ""zoneName"": ""America/St_Kitts"", ""gmtOffset"": -14400, ""abbreviation"": ""AST"", ""gmtOffsetName"": ""UTC-04:00""}]","{""de"": ""St. Kitts und Nevis"", ""es"": ""San Cristóbal y Nieves"", ""fa"": ""سنت کیتس و نویس"", ""fr"": ""Saint-Christophe-et-Niévès"", ""hr"": ""Sveti Kristof i Nevis"", ""it"": ""Saint Kitts e Nevis"", ""ja"": ""セントクリストファー・ネイビス"", ""ko"": ""세인트키츠 네비스"", ""nl"": ""Saint Kitts en Nevis"", ""pl"": ""Saint Kitts i Nevis"", ""pt"": ""São Cristóvão e Neves"", ""ru"": ""Сент-Китс и Невис"", ""tr"": ""Saint Kitts Ve Nevis"", ""uk"": ""Сент-Кітс і Невіс"", ""pt-BR"": ""São Cristóvão e Neves"", ""zh-CN"": ""圣基茨和尼维斯""}",17.33333333,-62.75000000,🇰🇳,U+1F1F0 U+1F1F3,2018-07-21T12:41:03,2024-09-05T16:47:03,1,Q763,false,false
186,Saint Lucia,LCA,662,LC,1,Castries,XCD,Eastern Caribbean dollar,$,.lc,Saint Lucia,Americas,Caribbean,Saint Lucian,"[{""tzName"": ""Atlantic Standard Time"", ""zoneName"": ""America/St_Lucia"", ""gmtOffset"": -14400, ""abbreviation"": ""AST"", ""gmtOffsetName"": ""UTC-04:00""}]","{""de"": ""Saint Lucia"", ""es"": ""Santa Lucía"", ""fa"": ""سنت لوسیا"", ""fr"": ""Saint-Lucie"", ""hr"": ""Sveta Lucija"", ""it"": ""Santa Lucia"", ""ja"": ""セントルシア"", ""ko"": ""세인트루시아"", ""nl"": ""Saint Lucia"", ""pl"": ""Saint Lucia"", ""pt"": ""Santa Lúcia"", ""ru"": ""Сент-Люсия"", ""tr"": ""Saint Lucia"", ""uk"": ""Сент-Люсія"", ""pt-BR"": ""Santa Lúcia"", ""zh-CN"": ""圣卢西亚""}",13.88333333,-60.96666666,🇱🇨,U+1F1F1 U+1F1E8,2018-07-21T12:41:03,2024-09-05T16:47:03,1,Q760,false,false
187,Saint Pierre and Miquelon,SPM,666,PM,508,Saint-Pierre,EUR,Euro,€,.pm,Saint-Pierre-et-Miquelon,Americas,Northern America,Saint-Pierrais or Miquelonnais,"[{""tzName"": ""Pierre & Miquelon Daylight Time"", ""zoneName"": ""America/Miquelon"", ""gmtOffset"": -10800, ""abbreviation"": ""PMDT"", ""gmtOffsetName"": ""UTC-03:00""}]","{""de"": ""Saint-Pierre und Miquelon"", ""es"": ""San Pedro y Miquelón"", ""fa"": ""سن پیر و میکلن"", ""fr"": ""Saint-Pierre-et-Miquelon"", ""hr"": ""Sveti Petar i Mikelon"", ""it"": ""Saint-Pierre e Miquelon"", ""ja"": ""サンピエール島・ミクロン島"", ""ko"": ""생피에르 미클롱"", ""nl"": ""Saint Pierre en Miquelon"", ""pl"": ""Saint-Pierre i Miquelon"", ""pt"": ""São Pedro e Miquelon"", ""ru"": ""Сен-Пьер и Микелон"", ""tr"": ""Saint Pierre Ve Miquelon"", ""uk"": ""Сен-П'єр і Мікелон"", ""pt-BR"": ""Saint-Pierre e Miquelon"", ""zh-CN"": ""圣皮埃尔和密克隆""}",46.83333333,-56.33333333,🇵🇲,U+1F1F5 U+1F1F2,2018-07-21T12:41:03,2024-12-19T21:04:08,1,Q34617,false,false
188,Saint Vincent and the Grenadines,VCT,670,VC,1,Kingstown,XCD,Eastern Caribbean dollar,$,.vc,Saint Vincent and the Grenadines,Americas,Caribbean,"Saint Vincentian, Vincentian","[{""tzName"": ""Atlantic Standard Time"", ""zoneName"": ""America/St_Vincent"", ""gmtOffset"": -14400, ""abbreviation"": ""AST"", ""gmtOffsetName"": ""UTC-04:00""}]","{""de"": ""Saint Vincent und die Grenadinen"", ""es"": ""San Vicente y Granadinas"", ""fa"": ""سنت وینسنت و گرنادین‌ها"", ""fr"": ""Saint-Vincent-et-les-Grenadines"", ""hr"": ""Sveti Vincent i Grenadini"", ""it"": ""Saint Vincent e Grenadine"", ""ja"": ""セントビンセントおよびグレナディーン諸島"", ""ko"": ""세인트빈센트 그레나딘"", ""nl"": ""Saint Vincent en de Grenadines"", ""pl"": ""Saint Vincent i Grenadyny"", ""pt"": ""São Vicente e Granadinas"", ""ru"": ""Сент-Винсент и Гренадины"", ""tr"": ""Saint Vincent Ve Grenadinler"", ""uk"": ""Сент-Вінсент і Гренадини"", ""pt-BR"": ""São Vicente e Granadinas"", ""zh-CN"": ""圣文森特和格林纳丁斯""}",13.25000000,-61.20000000,🇻🇨,U+1F1FB U+1F1E8,2018-07-21T12:41:03,2024-09-05T16:47:03,1,Q757,false,false
189,Saint-Barthelemy,BLM,652,BL,590,Gustavia,EUR,Euro,€,.bl,Saint-Barthélemy,Americas,Caribbean,Barthelemois,"[{""tzName"": ""Atlantic Standard Time"", ""zoneName"": ""America/St_Barthelemy"", ""gmtOffset"": -14400, ""abbreviation"": ""AST"", ""gmtOffsetName"": ""UTC-04:00""}]","{""de"": ""Saint-Barthélemy"", ""es"": ""San Bartolomé"", ""fa"": ""سن-بارتلمی"", ""fr"": ""Saint-Barthélemy"", ""hr"": ""Saint Barthélemy"", ""it"": ""Antille Francesi"", ""ja"": ""サン・バルテルミー"", ""ko"": ""생바르텔레미"", ""nl"": ""Saint Barthélemy"", ""pl"": ""Saint-Barthelemy"", ""pt"": ""São Bartolomeu"", ""ru"": ""Сен-Бартелеми"", ""tr"": ""Saint Barthélemy"", ""uk"": ""Сен-Бартелемі"", ""pt-BR"": ""São Bartolomeu"", ""zh-CN"": ""圣巴泰勒米""}",18.50000000,-63.41666666,🇧🇱,U+1F1E7 U+1F1F1,2018-07-21T12:41:03,2024-12-19T21:00:55,1,Q25362,false,false
190,Saint-Martin (French part),MAF,663,MF,590,Marigot,EUR,Euro,€,.mf,Saint-Martin,Americas,Caribbean,Saint-Martinoise,"[{""tzName"": ""Atlantic Standard Time"", ""zoneName"": ""America/Marigot"", ""gmtOffset"": -14400, ""abbreviation"": ""AST"", ""gmtOffsetName"": ""UTC-04:00""}]","{""de"": ""Saint Martin"", ""es"": ""Saint Martin"", ""fa"": ""سینت مارتن"", ""fr"": ""Saint-Martin"", ""hr"": ""Sveti Martin"", ""it"": ""Saint Martin"", ""ja"": ""サン・マルタン（フランス領）"", ""ko"": ""세인트마틴 섬"", ""nl"": ""Saint-Martin"", ""pl"": ""Saint-Martin (część francuska)"", ""pt"": ""Ilha São Martinho"", ""ru"": ""Сен-Мартен (французская часть)"", ""tr"": ""Saint Martin"", ""uk"": ""Сен-Мартен (французька частина)"", ""pt-BR"": ""Saint Martin"", ""zh-CN"": ""密克罗尼西亚""}",18.08333333,-63.95000000,🇲🇫,U+1F1F2 U+1F1EB,2018-07-21T12:41:03,2023-08-11T21:15:55,1,,false,false
191,Samoa,WSM,882,WS,685,Apia,WST,Samoan tālā,SAT,.ws,Samoa,Oceania,Polynesia,Samoan,"[{""tzName"": ""West Samoa Time"", ""zoneName"": ""Pacific/Apia"", ""gmtOffset"": 50400, ""abbreviation"": ""WST"", ""gmtOffsetName"": ""UTC+14:00""}]","{""de"": ""Samoa"", ""es"": ""Samoa"", ""fa"": ""ساموآ"", ""fr"": ""Samoa"", ""hr"": ""Samoa"", ""it"": ""Samoa"", ""ja"": ""サモア"", ""ko"": ""사모아"", ""nl"": ""Samoa"", ""pl"": ""Samoa"", ""pt"": ""Samoa"", ""ru"": ""Самоа"", ""tr"": ""Samoa"", ""uk"": ""Самоа"", ""pt-BR"": ""Samoa"", ""zh-CN"": ""萨摩亚""}",-13.58333333,-172.33333333,🇼🇸,U+1F1FC U+1F1F8,2018-07-21T12:41:03,2023-08-10T00:53:19,1,Q683,false,false
192,San Marino,SMR,674,SM,378,San Marino,EUR,Euro,€,.sm,San Marino,Europe,Southern Europe,Sammarinese,"[{""tzName"": ""Central European Time"", ""zoneName"": ""Europe/San_Marino"", ""gmtOffset"": 3600, ""abbreviation"": ""CET"", ""gmtOffsetName"": ""UTC+01:00""}]","{""de"": ""San Marino"", ""es"": ""San Marino"", ""fa"": ""سان مارینو"", ""fr"": ""Saint-Marin"", ""hr"": ""San Marino"", ""it"": ""San Marino"", ""ja"": ""サンマリノ"", ""ko"": ""산마리노"", ""nl"": ""San Marino"", ""pl"": ""San Marino"", ""pt"": ""São Marinho"", ""ru"": ""Сан-Марино"", ""tr"": ""San Marino"", ""uk"": ""Сан-Марино"", ""pt-BR"": ""San Marino"", ""zh-CN"": ""圣马力诺""}",43.76666666,12.41666666,🇸🇲,U+1F1F8 U+1F1F2,2018-07-21T12:41:03,2023-08-10T00:53:19,1,Q238,false,false
214,Switzerland,CHE,756,CH,41,Bern,CHF,Swiss franc,CHf,.ch,Schweiz,Europe,Western Europe,Swiss,"[{""tzName"": ""Central European Time"", ""zoneName"": ""Europe/Zurich"", ""gmtOffset"": 3600, ""abbreviation"": ""CET"", ""gmtOffsetName"": ""UTC+01:00""}]","{""de"": ""Schweiz"", ""es"": ""Suiza"", ""fa"": ""سوئیس"", ""fr"": ""Suisse"", ""hr"": ""Švicarska"", ""it"": ""Svizzera"", ""ja"": ""スイス"", ""ko"": ""스위스"", ""nl"": ""Zwitserland"", ""pl"": ""Szwajcaria"", ""pt"": ""Suíça"", ""ru"": ""Швейцария"", ""tr"": ""İsviçre"", ""uk"": ""Швейцарія"", ""pt-BR"": ""Suíça"", ""zh-CN"": ""瑞士""}",47.00000000,8.00000000,🇨🇭,U+1F1E8 U+1F1ED,2018-07-21T12:41:03,2023-08-10T00:53:19,1,Q39,false,false
193,Sao Tome and Principe,STP,678,ST,239,Sao Tome,STN,Dobra,Db,.st,São Tomé e Príncipe,Africa,Middle Africa,Sao Tomean,"[{""tzName"": ""Greenwich Mean Time"", ""zoneName"": ""Africa/Sao_Tome"", ""gmtOffset"": 0, ""abbreviation"": ""GMT"", ""gmtOffsetName"": ""UTC±00""}]","{""de"": ""São Tomé und Príncipe"", ""es"": ""Santo Tomé y Príncipe"", ""fa"": ""کواترو دو فرویرو"", ""fr"": ""Sao Tomé-et-Principe"", ""hr"": ""Sveti Toma i Princip"", ""it"": ""São Tomé e Príncipe"", ""ja"": ""サントメ・プリンシペ"", ""ko"": ""상투메 프린시페"", ""nl"": ""Sao Tomé en Principe"", ""pl"": ""Wyspy Świętego Tomasza i Książęca"", ""pt"": ""São Tomé e Príncipe"", ""ru"": ""Сан-Томе и Принсипи"", ""tr"": ""Sao Tome Ve Prinsipe"", ""uk"": ""Сан-Томе і Принсіпі"", ""pt-BR"": ""São Tomé e Príncipe"", ""zh-CN"": ""圣多美和普林西比""}",1.00000000,7.00000000,🇸🇹,U+1F1F8 U+1F1F9,2018-07-21T12:41:03,2025-03-22T20:09:58,1,Q1039,false,false
194,Saudi Arabia,SAU,682,SA,966,Riyadh,SAR,Saudi riyal,﷼,.sa,المملكة العربية السعودية,Asia,Western Asia,"Saudi, Saudi Arabian","[{""tzName"": ""Arabia Standard Time"", ""zoneName"": ""Asia/Riyadh"", ""gmtOffset"": 10800, ""abbreviation"": ""AST"", ""gmtOffsetName"": ""UTC+03:00""}]","{""de"": ""Saudi-Arabien"", ""es"": ""Arabia Saudí"", ""fa"": ""عربستان سعودی"", ""fr"": ""Arabie Saoudite"", ""hr"": ""Saudijska Arabija"", ""it"": ""Arabia Saudita"", ""ja"": ""サウジアラビア"", ""ko"": ""사우디아라비아"", ""nl"": ""Saoedi-Arabië"", ""pl"": ""Arabia Saudyjska"", ""pt"": ""Arábia Saudita"", ""ru"": ""Саудовская Аравия"", ""tr"": ""Suudi Arabistan"", ""uk"": ""Саудівська Аравія"", ""pt-BR"": ""Arábia Saudita"", ""zh-CN"": ""沙特阿拉伯""}",25.00000000,45.00000000,🇸🇦,U+1F1F8 U+1F1E6,2018-07-21T12:41:03,2023-08-10T00:53:19,1,Q851,false,false
195,Senegal,SEN,686,SN,221,Dakar,XOF,West African CFA franc,CFA,.sn,Sénégal,Africa,Western Africa,Senegalese,"[{""tzName"": ""Greenwich Mean Time"", ""zoneName"": ""Africa/Dakar"", ""gmtOffset"": 0, ""abbreviation"": ""GMT"", ""gmtOffsetName"": ""UTC±00""}]","{""de"": ""Senegal"", ""es"": ""Senegal"", ""fa"": ""سنگال"", ""fr"": ""Sénégal"", ""hr"": ""Senegal"", ""it"": ""Senegal"", ""ja"": ""セネガル"", ""ko"": ""세네갈"", ""nl"": ""Senegal"", ""pl"": ""Senegal"", ""pt"": ""Senegal"", ""ru"": ""Сенегал"", ""tr"": ""Senegal"", ""uk"": ""Сенегал"", ""pt-BR"": ""Senegal"", ""zh-CN"": ""塞内加尔""}",14.00000000,-14.00000000,🇸🇳,U+1F1F8 U+1F1F3,2018-07-21T12:41:03,2023-08-10T00:53:19,1,Q1041,false,false
196,Serbia,SRB,688,RS,381,Belgrade,RSD,Serbian dinar,din,.rs,Србија,Europe,Southern Europe,Serbian,"[{""tzName"": ""Central European Time"", ""zoneName"": ""Europe/Belgrade"", ""gmtOffset"": 3600, ""abbreviation"": ""CET"", ""gmtOffsetName"": ""UTC+01:00""}]","{""de"": ""Serbien"", ""es"": ""Serbia"", ""fa"": ""صربستان"", ""fr"": ""Serbie"", ""hr"": ""Srbija"", ""it"": ""Serbia"", ""ja"": ""セルビア"", ""ko"": ""세르비아"", ""nl"": ""Servië"", ""pl"": ""Serbia"", ""pt"": ""Sérvia"", ""ru"": ""Сербия"", ""tr"": ""Sirbistan"", ""uk"": ""Сербія"", ""pt-BR"": ""Sérvia"", ""zh-CN"": ""塞尔维亚""}",44.00000000,21.00000000,🇷🇸,U+1F1F7 U+1F1F8,2018-07-21T12:41:03,2023-08-10T00:53:19,1,Q403,false,false
197,Seychelles,SYC,690,SC,248,Victoria,SCR,Seychellois rupee,SRe,.sc,Seychelles,Africa,Eastern Africa,Seychellois,"[{""tzName"": ""Seychelles Time"", ""zoneName"": ""Indian/Mahe"", ""gmtOffset"": 14400, ""abbreviation"": ""SCT"", ""gmtOffsetName"": ""UTC+04:00""}]","{""de"": ""Seychellen"", ""es"": ""Seychelles"", ""fa"": ""سیشل"", ""fr"": ""Seychelles"", ""hr"": ""Sejšeli"", ""it"": ""Seychelles"", ""ja"": ""セーシェル"", ""ko"": ""세이셸"", ""nl"": ""Seychellen"", ""pl"": ""Seszele"", ""pt"": ""Seicheles"", ""ru"": ""Сейшельские острова"", ""tr"": ""Seyşeller"", ""uk"": ""Сейшельські острови"", ""pt-BR"": ""Seicheles"", ""zh-CN"": ""塞舌尔""}",-4.58333333,55.66666666,🇸🇨,U+1F1F8 U+1F1E8,2018-07-21T12:41:03,2023-08-10T00:53:19,1,Q1042,false,false
198,Sierra Leone,SLE,694,SL,232,Freetown,SLL,Sierra Leonean leone,Le,.sl,Sierra Leone,Africa,Western Africa,Sierra Leonean,"[{""tzName"": ""Greenwich Mean Time"", ""zoneName"": ""Africa/Freetown"", ""gmtOffset"": 0, ""abbreviation"": ""GMT"", ""gmtOffsetName"": ""UTC±00""}]","{""de"": ""Sierra Leone"", ""es"": ""Sierra Leone"", ""fa"": ""سیرالئون"", ""fr"": ""Sierra Leone"", ""hr"": ""Sijera Leone"", ""it"": ""Sierra Leone"", ""ja"": ""シエラレオネ"", ""ko"": ""시에라리온"", ""nl"": ""Sierra Leone"", ""pl"": ""Sierra Leone"", ""pt"": ""Serra Leoa"", ""ru"": ""Сьерра-Леоне"", ""tr"": ""Sierra Leone"", ""uk"": ""Сьєрра-Леоне"", ""pt-BR"": ""Serra Leoa"", ""zh-CN"": ""塞拉利昂""}",8.50000000,-11.50000000,🇸🇱,U+1F1F8 U+1F1F1,2018-07-21T12:41:03,2023-08-10T00:53:19,1,Q1044,false,false
200,Slovakia,SVK,703,SK,421,Bratislava,EUR,Euro,€,.sk,Slovensko,Europe,Eastern Europe,Slovak,"[{""tzName"": ""Central European Time"", ""zoneName"": ""Europe/Bratislava"", ""gmtOffset"": 3600, ""abbreviation"": ""CET"", ""gmtOffsetName"": ""UTC+01:00""}]","{""de"": ""Slowakei"", ""es"": ""República Eslovaca"", ""fa"": ""اسلواکی"", ""fr"": ""Slovaquie"", ""hr"": ""Slovačka"", ""it"": ""Slovacchia"", ""ja"": ""スロバキア"", ""ko"": ""슬로바키아"", ""nl"": ""Slowakije"", ""pl"": ""Słowacja"", ""pt"": ""Eslováquia"", ""ru"": ""Словакия"", ""tr"": ""Slovakya"", ""uk"": ""Словаччина"", ""pt-BR"": ""Eslováquia"", ""zh-CN"": ""斯洛伐克""}",48.66666666,19.50000000,🇸🇰,U+1F1F8 U+1F1F0,2018-07-21T12:41:03,2023-08-10T00:53:19,1,Q214,false,false
201,Slovenia,SVN,705,SI,386,Ljubljana,EUR,Euro,€,.si,Slovenija,Europe,Southern Europe,"Slovenian, Slovene","[{""tzName"": ""Central European Time"", ""zoneName"": ""Europe/Ljubljana"", ""gmtOffset"": 3600, ""abbreviation"": ""CET"", ""gmtOffsetName"": ""UTC+01:00""}]","{""de"": ""Slowenien"", ""es"": ""Eslovenia"", ""fa"": ""اسلوونی"", ""fr"": ""Slovénie"", ""hr"": ""Slovenija"", ""it"": ""Slovenia"", ""ja"": ""スロベニア"", ""ko"": ""슬로베니아"", ""nl"": ""Slovenië"", ""pl"": ""Słowenia"", ""pt"": ""Eslovénia"", ""ru"": ""Словения"", ""tr"": ""Slovenya"", ""uk"": ""Словенія"", ""pt-BR"": ""Eslovênia"", ""zh-CN"": ""斯洛文尼亚""}",46.11666666,14.81666666,🇸🇮,U+1F1F8 U+1F1EE,2018-07-21T12:41:03,2023-08-10T00:53:19,1,Q215,false,false
202,Solomon Islands,SLB,090,SB,677,Honiara,SBD,Solomon Islands dollar,Si$,.sb,Solomon Islands,Oceania,Melanesia,Solomon Island,"[{""tzName"": ""Solomon Islands Time"", ""zoneName"": ""Pacific/Guadalcanal"", ""gmtOffset"": 39600, ""abbreviation"": ""SBT"", ""gmtOffsetName"": ""UTC+11:00""}]","{""de"": ""Salomonen"", ""es"": ""Islas Salomón"", ""fa"": ""جزایر سلیمان"", ""fr"": ""Îles Salomon"", ""hr"": ""Solomonski Otoci"", ""it"": ""Isole Salomone"", ""ja"": ""ソロモン諸島"", ""ko"": ""솔로몬 제도"", ""nl"": ""Salomonseilanden"", ""pl"": ""Wyspy Salomona"", ""pt"": ""Ilhas Salomão"", ""ru"": ""Соломоновы острова"", ""tr"": ""Solomon Adalari"", ""uk"": ""Соломонові острови"", ""pt-BR"": ""Ilhas Salomão"", ""zh-CN"": ""所罗门群岛""}",-8.00000000,159.00000000,🇸🇧,U+1F1F8 U+1F1E7,2018-07-21T12:41:03,2023-08-10T00:53:19,1,Q685,false,false
205,South Georgia,SGS,239,GS,500,Grytviken,GBP,British pound,£,.gs,South Georgia,Americas,South America,South Georgia or South Sandwich Islands,"[{""tzName"": ""South Georgia and the South Sandwich Islands Time"", ""zoneName"": ""Atlantic/South_Georgia"", ""gmtOffset"": -7200, ""abbreviation"": ""GST"", ""gmtOffsetName"": ""UTC-02:00""}]","{""de"": ""Südgeorgien und die Südlichen Sandwichinseln"", ""es"": ""Islas Georgias del Sur y Sandwich del Sur"", ""fa"": ""جزایر جورجیای جنوبی و ساندویچ جنوبی"", ""fr"": ""Géorgie du Sud-et-les Îles Sandwich du Sud"", ""hr"": ""Južna Georgija i otočje Južni Sandwich"", ""it"": ""Georgia del Sud e Isole Sandwich Meridionali"", ""ja"": ""サウスジョージア・サウスサンドウィッチ諸島"", ""ko"": ""사우스조지아"", ""nl"": ""Zuid-Georgia en Zuidelijke Sandwicheilanden"", ""pl"": ""Południowa Georgia"", ""pt"": ""Ilhas Geórgia do Sul e Sanduíche do Sul"", ""ru"": ""Южная Джорджия"", ""tr"": ""Güney Georgia"", ""uk"": ""Південна Джорджія"", ""pt-BR"": ""Ilhas Geórgias do Sul e Sandwich do Sul"", ""zh-CN"": ""南乔治亚""}",-54.50000000,-37.00000000,🇬🇸,U+1F1EC U+1F1F8,2018-07-21T12:41:03,2024-12-19T21:04:08,1,Q1137202,false,false
206,South Sudan,SSD,728,SS,211,Juba,SSP,South Sudanese pound,£,.ss,South Sudan,Africa,Middle Africa,South Sudanese,"[{""tzName"": ""East Africa Time"", ""zoneName"": ""Africa/Juba"", ""gmtOffset"": 10800, ""abbreviation"": ""EAT"", ""gmtOffsetName"": ""UTC+03:00""}]","{""de"": ""Südsudan"", ""es"": ""Sudán del Sur"", ""fa"": ""سودان جنوبی"", ""fr"": ""Soudan du Sud"", ""hr"": ""Južni Sudan"", ""it"": ""Sudan del sud"", ""ja"": ""南スーダン"", ""ko"": ""남수단"", ""nl"": ""Zuid-Soedan"", ""pl"": ""Sudan Południowy"", ""pt"": ""Sudão do Sul"", ""ru"": ""Южный Судан"", ""tr"": ""Güney Sudan"", ""uk"": ""Південний Судан"", ""pt-BR"": ""Sudão do Sul"", ""zh-CN"": ""南苏丹""}",7.00000000,30.00000000,🇸🇸,U+1F1F8 U+1F1F8,2018-07-21T12:41:03,2023-08-10T00:53:19,1,Q958,false,false
207,Spain,ESP,724,ES,34,Madrid,EUR,Euro,€,.es,España,Europe,Southern Europe,Spanish,"[{""tzName"": ""Central European Time"", ""zoneName"": ""Africa/Ceuta"", ""gmtOffset"": 3600, ""abbreviation"": ""CET"", ""gmtOffsetName"": ""UTC+01:00""}, {""tzName"": ""Western European Time"", ""zoneName"": ""Atlantic/Canary"", ""gmtOffset"": 0, ""abbreviation"": ""WET"", ""gmtOffsetName"": ""UTC±00""}, {""tzName"": ""Central European Time"", ""zoneName"": ""Europe/Madrid"", ""gmtOffset"": 3600, ""abbreviation"": ""CET"", ""gmtOffsetName"": ""UTC+01:00""}]","{""de"": ""Spanien"", ""es"": ""España"", ""fa"": ""اسپانیا"", ""fr"": ""Espagne"", ""hr"": ""Španjolska"", ""it"": ""Spagna"", ""ja"": ""スペイン"", ""ko"": ""스페인"", ""nl"": ""Spanje"", ""pl"": ""Hiszpania"", ""pt"": ""Espanha"", ""ru"": ""Испания"", ""tr"": ""İspanya"", ""uk"": ""Іспанія"", ""pt-BR"": ""Espanha"", ""zh-CN"": ""西班牙""}",40.00000000,-4.00000000,🇪🇸,U+1F1EA U+1F1F8,2018-07-21T12:41:03,2023-08-10T00:53:19,1,Q29,false,false
208,Sri Lanka,LKA,144,LK,94,Colombo,LKR,Sri Lankan rupee,Rs,.lk,śrī laṃkāva,Asia,Southern Asia,Sri Lankan,"[{""tzName"": ""Indian Standard Time"", ""zoneName"": ""Asia/Colombo"", ""gmtOffset"": 19800, ""abbreviation"": ""IST"", ""gmtOffsetName"": ""UTC+05:30""}]","{""de"": ""Sri Lanka"", ""es"": ""Sri Lanka"", ""fa"": ""سری‌لانکا"", ""fr"": ""Sri Lanka"", ""hr"": ""Šri Lanka"", ""it"": ""Sri Lanka"", ""ja"": ""スリランカ"", ""ko"": ""스리랑카"", ""nl"": ""Sri Lanka"", ""pl"": ""Sri Lanka"", ""pt"": ""Sri Lanka"", ""ru"": ""Шри-Ланка"", ""tr"": ""Sri Lanka"", ""uk"": ""Шрі-Ланка"", ""pt-BR"": ""Sri Lanka"", ""zh-CN"": ""斯里兰卡""}",7.00000000,81.00000000,🇱🇰,U+1F1F1 U+1F1F0,2018-07-21T12:41:03,2023-08-10T00:53:19,1,Q854,false,false
209,Sudan,SDN,729,SD,249,Khartoum,SDG,Sudanese pound,.س.ج,.sd,السودان,Africa,Northern Africa,Sudanese,"[{""tzName"": ""Eastern African Time"", ""zoneName"": ""Africa/Khartoum"", ""gmtOffset"": 7200, ""abbreviation"": ""EAT"", ""gmtOffsetName"": ""UTC+02:00""}]","{""de"": ""Sudan"", ""es"": ""Sudán"", ""fa"": ""سودان"", ""fr"": ""Soudan"", ""hr"": ""Sudan"", ""it"": ""Sudan"", ""ja"": ""スーダン"", ""ko"": ""수단"", ""nl"": ""Soedan"", ""pl"": ""Sudan"", ""pt"": ""Sudão"", ""ru"": ""Судан"", ""tr"": ""Sudan"", ""uk"": ""Судан"", ""pt-BR"": ""Sudão"", ""zh-CN"": ""苏丹""}",15.00000000,30.00000000,🇸🇩,U+1F1F8 U+1F1E9,2018-07-21T12:41:03,2023-08-10T00:53:19,1,Q1049,false,false
210,Suriname,SUR,740,SR,597,Paramaribo,SRD,Surinamese dollar,$,.sr,Suriname,Americas,South America,Surinamese,"[{""tzName"": ""Suriname Time"", ""zoneName"": ""America/Paramaribo"", ""gmtOffset"": -10800, ""abbreviation"": ""SRT"", ""gmtOffsetName"": ""UTC-03:00""}]","{""de"": ""Suriname"", ""es"": ""Surinam"", ""fa"": ""سورینام"", ""fr"": ""Surinam"", ""hr"": ""Surinam"", ""it"": ""Suriname"", ""ja"": ""スリナム"", ""ko"": ""수리남"", ""nl"": ""Suriname"", ""pl"": ""Surinam"", ""pt"": ""Suriname"", ""ru"": ""Суринам"", ""tr"": ""Surinam"", ""uk"": ""Суринам"", ""pt-BR"": ""Suriname"", ""zh-CN"": ""苏里南""}",4.00000000,-56.00000000,🇸🇷,U+1F1F8 U+1F1F7,2018-07-21T12:41:03,2023-08-10T00:53:19,1,Q730,false,false
211,Svalbard and Jan Mayen Islands,SJM,744,SJ,47,Longyearbyen,NOK,Norwegian krone,ko,.sj,Svalbard og Jan Mayen,Europe,Northern Europe,Svalbard,"[{""tzName"": ""Central European Time"", ""zoneName"": ""Arctic/Longyearbyen"", ""gmtOffset"": 3600, ""abbreviation"": ""CET"", ""gmtOffsetName"": ""UTC+01:00""}]","{""de"": ""Svalbard und Jan Mayen"", ""es"": ""Islas Svalbard y Jan Mayen"", ""fa"": ""سوالبارد و یان ماین"", ""fr"": ""Svalbard et Jan Mayen"", ""hr"": ""Svalbard i Jan Mayen"", ""it"": ""Svalbard e Jan Mayen"", ""ja"": ""スヴァールバル諸島およびヤンマイエン島"", ""ko"": ""스발바르 얀마옌 제도"", ""nl"": ""Svalbard en Jan Mayen"", ""pl"": ""Wyspy Svalbard i Jan Mayen"", ""pt"": ""Svalbard"", ""ru"": ""Шпицберген и острова Ян-Майен"", ""tr"": ""Svalbard Ve Jan Mayen"", ""uk"": ""Шпіцберген та острови Ян-Майєн"", ""pt-BR"": ""Svalbard"", ""zh-CN"": ""斯瓦尔巴和扬马延群岛""}",78.00000000,20.00000000,🇸🇯,U+1F1F8 U+1F1EF,2018-07-21T12:41:03,2024-12-23T15:33:12,1,Q842829,false,false
212,Eswatini,SWZ,748,SZ,268,Mbabane,SZL,Lilangeni,E,.sz,Swaziland,Africa,Southern Africa,Swazi,"[{""tzName"": ""South African Standard Time"", ""zoneName"": ""Africa/Mbabane"", ""gmtOffset"": 7200, ""abbreviation"": ""SAST"", ""gmtOffsetName"": ""UTC+02:00""}]","{""de"": ""Swasiland"", ""es"": ""Suazilandia"", ""fa"": ""سوازیلند"", ""fr"": ""Swaziland"", ""hr"": ""Svazi"", ""it"": ""Swaziland"", ""ja"": ""スワジランド"", ""ko"": ""에스와티니"", ""nl"": ""Swaziland"", ""pl"": ""Eswatini"", ""pt"": ""Suazilândia"", ""ru"": ""Эсватини"", ""tr"": ""Esvatini"", ""uk"": ""Есватіні"", ""pt-BR"": ""Suazilândia"", ""zh-CN"": ""斯威士兰""}",-26.50000000,31.50000000,🇸🇿,U+1F1F8 U+1F1FF,2018-07-21T12:41:03,2023-08-10T00:53:19,1,Q1050,false,false
213,Sweden,SWE,752,SE,46,Stockholm,SEK,Swedish krona,ko,.se,Sverige,Europe,Northern Europe,Swedish,"[{""tzName"": ""Central European Time"", ""zoneName"": ""Europe/Stockholm"", ""gmtOffset"": 3600, ""abbreviation"": ""CET"", ""gmtOffsetName"": ""UTC+01:00""}]","{""de"": ""Schweden"", ""es"": ""Suecia"", ""fa"": ""سوئد"", ""fr"": ""Suède"", ""hr"": ""Švedska"", ""it"": ""Svezia"", ""ja"": ""スウェーデン"", ""ko"": ""스웨덴"", ""nl"": ""Zweden"", ""pl"": ""Szwecja"", ""pt"": ""Suécia"", ""ru"": ""Швеция"", ""tr"": ""İsveç"", ""uk"": ""Швеція"", ""pt-BR"": ""Suécia"", ""zh-CN"": ""瑞典""}",62.00000000,15.00000000,🇸🇪,U+1F1F8 U+1F1EA,2018-07-21T12:41:03,2023-08-10T00:53:19,1,Q34,false,false
215,Syria,SYR,760,SY,963,Damascus,SYP,Syrian pound,LS,.sy,سوريا,Asia,Western Asia,Syrian,"[{""tzName"": ""Eastern European Time"", ""zoneName"": ""Asia/Damascus"", ""gmtOffset"": 7200, ""abbreviation"": ""EET"", ""gmtOffsetName"": ""UTC+02:00""}]","{""de"": ""Syrien"", ""es"": ""Siria"", ""fa"": ""سوریه"", ""fr"": ""Syrie"", ""hr"": ""Sirija"", ""it"": ""Siria"", ""ja"": ""シリア・アラブ共和国"", ""ko"": ""시리아"", ""nl"": ""Syrië"", ""pl"": ""Syria"", ""pt"": ""Síria"", ""ru"": ""Сирия"", ""tr"": ""Suriye"", ""uk"": ""Сирія"", ""pt-BR"": ""Síria"", ""zh-CN"": ""叙利亚""}",35.00000000,38.00000000,🇸🇾,U+1F1F8 U+1F1FE,2018-07-21T12:41:03,2023-08-10T00:53:19,1,Q858,false,false
216,Taiwan,TWN,158,TW,886,Taipei,TWD,New Taiwan dollar,$,.tw,臺灣,Asia,Eastern Asia,"Chinese, Taiwanese","[{""tzName"": ""China Standard Time"", ""zoneName"": ""Asia/Taipei"", ""gmtOffset"": 28800, ""abbreviation"": ""CST"", ""gmtOffsetName"": ""UTC+08:00""}]","{""de"": ""Taiwan"", ""es"": ""Taiwán"", ""fa"": ""تایوان"", ""fr"": ""Taïwan"", ""hr"": ""Tajvan"", ""it"": ""Taiwan"", ""ja"": ""台湾（中華民国）"", ""ko"": ""대만"", ""nl"": ""Taiwan"", ""pl"": ""Tajwan"", ""pt"": ""Taiwan"", ""ru"": ""Тайвань"", ""tr"": ""Tayvan"", ""uk"": ""Тайвань"", ""pt-BR"": ""Taiwan"", ""zh-CN"": ""中国台湾""}",23.50000000,121.00000000,🇹🇼,U+1F1F9 U+1F1FC,2018-07-21T12:41:03,2023-08-10T00:53:19,1,Q865,false,false
217,Tajikistan,TJK,762,TJ,992,Dushanbe,TJS,Tajikistani somoni,SM,.tj,Тоҷикистон,Asia,Central Asia,Tajikistani,"[{""tzName"": ""Tajikistan Time"", ""zoneName"": ""Asia/Dushanbe"", ""gmtOffset"": 18000, ""abbreviation"": ""TJT"", ""gmtOffsetName"": ""UTC+05:00""}]","{""de"": ""Tadschikistan"", ""es"": ""Tayikistán"", ""fa"": ""تاجیکستان"", ""fr"": ""Tadjikistan"", ""hr"": ""Tađikistan"", ""it"": ""Tagikistan"", ""ja"": ""タジキスタン"", ""ko"": ""타지키스탄"", ""nl"": ""Tadzjikistan"", ""pl"": ""Tadżykistan"", ""pt"": ""Tajiquistão"", ""ru"": ""Таджикистан"", ""tr"": ""Tacikistan"", ""uk"": ""Таджикистан"", ""pt-BR"": ""Tajiquistão"", ""zh-CN"": ""塔吉克斯坦""}",39.00000000,71.00000000,🇹🇯,U+1F1F9 U+1F1EF,2018-07-21T12:41:03,2023-08-10T00:53:19,1,Q863,false,false
218,Tanzania,TZA,834,TZ,255,Dodoma,TZS,Tanzanian shilling,TSh,.tz,Tanzania,Africa,Eastern Africa,Tanzanian,"[{""tzName"": ""East Africa Time"", ""zoneName"": ""Africa/Dar_es_Salaam"", ""gmtOffset"": 10800, ""abbreviation"": ""EAT"", ""gmtOffsetName"": ""UTC+03:00""}]","{""de"": ""Tansania"", ""es"": ""Tanzania"", ""fa"": ""تانزانیا"", ""fr"": ""Tanzanie"", ""hr"": ""Tanzanija"", ""it"": ""Tanzania"", ""ja"": ""タンザニア"", ""ko"": ""탄자니아"", ""nl"": ""Tanzania"", ""pl"": ""Tanzania"", ""pt"": ""Tanzânia"", ""ru"": ""Танзания"", ""tr"": ""Tanzanya"", ""uk"": ""Танзанія"", ""pt-BR"": ""Tanzânia"", ""zh-CN"": ""坦桑尼亚""}",-6.00000000,35.00000000,🇹🇿,U+1F1F9 U+1F1FF,2018-07-21T12:41:03,2023-08-10T00:53:19,1,Q924,false,false
219,Thailand,THA,764,TH,66,Bangkok,THB,Thai baht,฿,.th,ประเทศไทย,Asia,South-Eastern Asia,Thai,"[{""tzName"": ""Indochina Time"", ""zoneName"": ""Asia/Bangkok"", ""gmtOffset"": 25200, ""abbreviation"": ""ICT"", ""gmtOffsetName"": ""UTC+07:00""}]","{""de"": ""Thailand"", ""es"": ""Tailandia"", ""fa"": ""تایلند"", ""fr"": ""Thaïlande"", ""hr"": ""Tajland"", ""it"": ""Tailandia"", ""ja"": ""タイ"", ""ko"": ""태국"", ""nl"": ""Thailand"", ""pl"": ""Tajlandia"", ""pt"": ""Tailândia"", ""ru"": ""Таиланд"", ""tr"": ""Tayland"", ""uk"": ""Таїланд"", ""pt-BR"": ""Tailândia"", ""zh-CN"": ""泰国""}",15.00000000,100.00000000,🇹🇭,U+1F1F9 U+1F1ED,2018-07-21T12:41:03,2023-08-10T00:53:19,1,Q869,false,false
220,Togo,TGO,768,TG,228,Lome,XOF,West African CFA franc,CFA,.tg,Togo,Africa,Western Africa,Togolese,"[{""tzName"": ""Greenwich Mean Time"", ""zoneName"": ""Africa/Lome"", ""gmtOffset"": 0, ""abbreviation"": ""GMT"", ""gmtOffsetName"": ""UTC±00""}]","{""de"": ""Togo"", ""es"": ""Togo"", ""fa"": ""توگو"", ""fr"": ""Togo"", ""hr"": ""Togo"", ""it"": ""Togo"", ""ja"": ""トーゴ"", ""ko"": ""토고"", ""nl"": ""Togo"", ""pl"": ""Togo"", ""pt"": ""Togo"", ""ru"": ""Того"", ""tr"": ""Togo"", ""uk"": ""Того"", ""pt-BR"": ""Togo"", ""zh-CN"": ""多哥""}",8.00000000,1.16666666,🇹🇬,U+1F1F9 U+1F1EC,2018-07-21T12:41:03,2023-08-10T00:53:19,1,Q945,false,false
221,Tokelau,TKL,772,TK,690,,NZD,New Zealand dollar,$,.tk,Tokelau,Oceania,Polynesia,Tokelauan,"[{""tzName"": ""Tokelau Time"", ""zoneName"": ""Pacific/Fakaofo"", ""gmtOffset"": 46800, ""abbreviation"": ""TKT"", ""gmtOffsetName"": ""UTC+13:00""}]","{""de"": ""Tokelau"", ""es"": ""Islas Tokelau"", ""fa"": ""توکلائو"", ""fr"": ""Tokelau"", ""hr"": ""Tokelau"", ""it"": ""Isole Tokelau"", ""ja"": ""トケラウ"", ""ko"": ""토켈라우"", ""nl"": ""Tokelau"", ""pl"": ""Tokelau"", ""pt"": ""Toquelau"", ""ru"": ""Токелау"", ""tr"": ""Tokelau"", ""uk"": ""Токелау"", ""pt-BR"": ""Tokelau"", ""zh-CN"": ""托克劳""}",-9.00000000,-172.00000000,🇹🇰,U+1F1F9 U+1F1F0,2018-07-21T12:41:03,2024-12-19T21:04:08,1,Q36823,false,false
222,Tonga,TON,776,TO,676,Nuku'alofa,TOP,Tongan paʻanga,$,.to,Tonga,Oceania,Polynesia,Tongan,"[{""tzName"": ""Tonga Time"", ""zoneName"": ""Pacific/Tongatapu"", ""gmtOffset"": 46800, ""abbreviation"": ""TOT"", ""gmtOffsetName"": ""UTC+13:00""}]","{""de"": ""Tonga"", ""es"": ""Tonga"", ""fa"": ""تونگا"", ""fr"": ""Tonga"", ""hr"": ""Tonga"", ""it"": ""Tonga"", ""ja"": ""トンガ"", ""ko"": ""통가"", ""nl"": ""Tonga"", ""pl"": ""Tonga"", ""pt"": ""Tonga"", ""ru"": ""Тонга"", ""tr"": ""Tonga"", ""uk"": ""Тонга"", ""pt-BR"": ""Tonga"", ""zh-CN"": ""汤加""}",-20.00000000,-175.00000000,🇹🇴,U+1F1F9 U+1F1F4,2018-07-21T12:41:03,2023-08-10T00:53:19,1,Q678,false,false
223,Trinidad and Tobago,TTO,780,TT,1,Port of Spain,TTD,Trinidad and Tobago dollar,$,.tt,Trinidad and Tobago,Americas,Caribbean,Trinidadian or Tobagonian,"[{""tzName"": ""Atlantic Standard Time"", ""zoneName"": ""America/Port_of_Spain"", ""gmtOffset"": -14400, ""abbreviation"": ""AST"", ""gmtOffsetName"": ""UTC-04:00""}]","{""de"": ""Trinidad und Tobago"", ""es"": ""Trinidad y Tobago"", ""fa"": ""ترینیداد و توباگو"", ""fr"": ""Trinité et Tobago"", ""hr"": ""Trinidad i Tobago"", ""it"": ""Trinidad e Tobago"", ""ja"": ""トリニダード・トバゴ"", ""ko"": ""트리니다드 토바고"", ""nl"": ""Trinidad en Tobago"", ""pl"": ""Trynidad i Tobago"", ""pt"": ""Trindade e Tobago"", ""ru"": ""Тринидад и Тобаго"", ""tr"": ""Trinidad Ve Tobago"", ""uk"": ""Тринідад і Тобаго"", ""pt-BR"": ""Trinidad e Tobago"", ""zh-CN"": ""特立尼达和多巴哥""}",11.00000000,-61.00000000,🇹🇹,U+1F1F9 U+1F1F9,2018-07-21T12:41:03,2024-09-05T16:47:03,1,Q754,false,false
224,Tunisia,TUN,788,TN,216,Tunis,TND,Tunisian dinar,ت.د,.tn,تونس,Africa,Northern Africa,Tunisian,"[{""tzName"": ""Central European Time"", ""zoneName"": ""Africa/Tunis"", ""gmtOffset"": 3600, ""abbreviation"": ""CET"", ""gmtOffsetName"": ""UTC+01:00""}]","{""de"": ""Tunesien"", ""es"": ""Túnez"", ""fa"": ""تونس"", ""fr"": ""Tunisie"", ""hr"": ""Tunis"", ""it"": ""Tunisia"", ""ja"": ""チュニジア"", ""ko"": ""튀니지"", ""nl"": ""Tunesië"", ""pl"": ""Tunezja"", ""pt"": ""Tunísia"", ""ru"": ""Тунис"", ""tr"": ""Tunus"", ""uk"": ""Туніс"", ""pt-BR"": ""Tunísia"", ""zh-CN"": ""突尼斯""}",34.00000000,9.00000000,🇹🇳,U+1F1F9 U+1F1F3,2018-07-21T12:41:03,2023-08-10T00:53:19,1,Q948,false,false
225,Turkey,TUR,792,TR,90,Ankara,TRY,Turkish lira,₺,.tr,Türkiye,Asia,Western Asia,Turkish,"[{""tzName"": ""Eastern European Time"", ""zoneName"": ""Europe/Istanbul"", ""gmtOffset"": 10800, ""abbreviation"": ""EET"", ""gmtOffsetName"": ""UTC+03:00""}]","{""de"": ""Türkei"", ""es"": ""Turquía"", ""fa"": ""ترکیه"", ""fr"": ""Turquie"", ""hr"": ""Turska"", ""it"": ""Turchia"", ""ja"": ""トルコ"", ""ko"": ""터키"", ""nl"": ""Turkije"", ""pl"": ""Turcja"", ""pt"": ""Turquia"", ""ru"": ""Турция"", ""tr"": ""Türkiye"", ""uk"": ""Туреччина"", ""pt-BR"": ""Turquia"", ""zh-CN"": ""土耳其""}",39.00000000,35.00000000,🇹🇷,U+1F1F9 U+1F1F7,2018-07-21T12:41:03,2023-08-10T00:53:19,1,Q43,false,false
226,Turkmenistan,TKM,795,TM,993,Ashgabat,TMT,Turkmenistan manat,T,.tm,Türkmenistan,Asia,Central Asia,Turkmen,"[{""tzName"": ""Turkmenistan Time"", ""zoneName"": ""Asia/Ashgabat"", ""gmtOffset"": 18000, ""abbreviation"": ""TMT"", ""gmtOffsetName"": ""UTC+05:00""}]","{""de"": ""Turkmenistan"", ""es"": ""Turkmenistán"", ""fa"": ""ترکمنستان"", ""fr"": ""Turkménistan"", ""hr"": ""Turkmenistan"", ""it"": ""Turkmenistan"", ""ja"": ""トルクメニスタン"", ""ko"": ""투르크메니스탄"", ""nl"": ""Turkmenistan"", ""pl"": ""Turkmenistan"", ""pt"": ""Turquemenistão"", ""ru"": ""Туркменистан"", ""tr"": ""Türkmenistan"", ""uk"": ""Туркменістан"", ""pt-BR"": ""Turcomenistão"", ""zh-CN"": ""土库曼斯坦""}",40.00000000,60.00000000,🇹🇲,U+1F1F9 U+1F1F2,2018-07-21T12:41:03,2023-08-10T00:53:19,1,Q874,false,false
227,Turks and Caicos Islands,TCA,796,TC,1,Cockburn Town,USD,United States dollar,$,.tc,Turks and Caicos Islands,Americas,Caribbean,Turks and Caicos Island,"[{""tzName"": ""Eastern Standard Time (North America"", ""zoneName"": ""America/Grand_Turk"", ""gmtOffset"": -18000, ""abbreviation"": ""EST"", ""gmtOffsetName"": ""UTC-05:00""}]","{""de"": ""Turks- und Caicosinseln"", ""es"": ""Islas Turks y Caicos"", ""fa"": ""جزایر تورکس و کایکوس"", ""fr"": ""Îles Turques-et-Caïques"", ""hr"": ""Otoci Turks i Caicos"", ""it"": ""Isole Turks e Caicos"", ""ja"": ""タークス・カイコス諸島"", ""ko"": ""터크스 케이커스 제도"", ""nl"": ""Turks- en Caicoseilanden"", ""pl"": ""Wyspy Turks i Caicos"", ""pt"": ""Ilhas Turcas e Caicos"", ""ru"": ""Острова Теркс и Кайкос"", ""tr"": ""Turks Ve Caicos Adalari"", ""uk"": ""Острови Теркс і Кайкос"", ""pt-BR"": ""Ilhas Turcas e Caicos"", ""zh-CN"": ""特克斯和凯科斯群岛""}",21.75000000,-71.58333333,🇹🇨,U+1F1F9 U+1F1E8,2018-07-21T12:41:03,2024-12-19T21:04:08,1,Q18221,false,false
228,Tuvalu,TUV,798,TV,688,Funafuti,AUD,Australian dollar,$,.tv,Tuvalu,Oceania,Polynesia,Tuvaluan,"[{""tzName"": ""Tuvalu Time"", ""zoneName"": ""Pacific/Funafuti"", ""gmtOffset"": 43200, ""abbreviation"": ""TVT"", ""gmtOffsetName"": ""UTC+12:00""}]","{""de"": ""Tuvalu"", ""es"": ""Tuvalu"", ""fa"": ""تووالو"", ""fr"": ""Tuvalu"", ""hr"": ""Tuvalu"", ""it"": ""Tuvalu"", ""ja"": ""ツバル"", ""ko"": ""투발루"", ""nl"": ""Tuvalu"", ""pl"": ""Tuvalu"", ""pt"": ""Tuvalu"", ""ru"": ""Тувалу"", ""tr"": ""Tuvalu"", ""uk"": ""Тувалу"", ""pt-BR"": ""Tuvalu"", ""zh-CN"": ""图瓦卢""}",-8.00000000,178.00000000,🇹🇻,U+1F1F9 U+1F1FB,2018-07-21T12:41:03,2023-08-10T00:53:19,1,Q672,false,false
229,Uganda,UGA,800,UG,256,Kampala,UGX,Ugandan shilling,USh,.ug,Uganda,Africa,Eastern Africa,Ugandan,"[{""tzName"": ""East Africa Time"", ""zoneName"": ""Africa/Kampala"", ""gmtOffset"": 10800, ""abbreviation"": ""EAT"", ""gmtOffsetName"": ""UTC+03:00""}]","{""de"": ""Uganda"", ""es"": ""Uganda"", ""fa"": ""اوگاندا"", ""fr"": ""Uganda"", ""hr"": ""Uganda"", ""it"": ""Uganda"", ""ja"": ""ウガンダ"", ""ko"": ""우간다"", ""nl"": ""Oeganda"", ""pl"": ""Uganda"", ""pt"": ""Uganda"", ""ru"": ""Уганда"", ""tr"": ""Uganda"", ""uk"": ""Уганда"", ""pt-BR"": ""Uganda"", ""zh-CN"": ""乌干达""}",1.00000000,32.00000000,🇺🇬,U+1F1FA U+1F1EC,2018-07-21T12:41:03,2023-08-10T00:53:19,1,Q1036,false,false
230,Ukraine,UKR,804,UA,380,Kyiv,UAH,Ukrainian hryvnia,₴,.ua,Україна,Europe,Eastern Europe,Ukrainian,"[{""tzName"": ""Eastern European Time"", ""zoneName"": ""Europe/Kiev"", ""gmtOffset"": 7200, ""abbreviation"": ""EET"", ""gmtOffsetName"": ""UTC+02:00""}, {""tzName"": ""Moscow Time"", ""zoneName"": ""Europe/Simferopol"", ""gmtOffset"": 10800, ""abbreviation"": ""MSK"", ""gmtOffsetName"": ""UTC+03:00""}, {""tzName"": ""Eastern European Time"", ""zoneName"": ""Europe/Uzhgorod"", ""gmtOffset"": 7200, ""abbreviation"": ""EET"", ""gmtOffsetName"": ""UTC+02:00""}, {""tzName"": ""Eastern European Time"", ""zoneName"": ""Europe/Zaporozhye"", ""gmtOffset"": 7200, ""abbreviation"": ""EET"", ""gmtOffsetName"": ""UTC+02:00""}]","{""de"": ""Ukraine"", ""es"": ""Ucrania"", ""fa"": ""وکراین"", ""fr"": ""Ukraine"", ""hr"": ""Ukrajina"", ""it"": ""Ucraina"", ""ja"": ""ウクライナ"", ""ko"": ""우크라이나"", ""nl"": ""Oekraïne"", ""pl"": ""Ukraina"", ""pt"": ""Ucrânia"", ""ru"": ""Украина"", ""tr"": ""Ukrayna"", ""uk"": ""Україна"", ""pt-BR"": ""Ucrânia"", ""zh-CN"": ""乌克兰""}",49.00000000,32.00000000,🇺🇦,U+1F1FA U+1F1E6,2018-07-21T12:41:03,2023-08-10T00:53:19,1,Q212,false,false
231,United Arab Emirates,ARE,784,AE,971,Abu Dhabi,AED,United Arab Emirates dirham,إ.د,.ae,دولة الإمارات العربية المتحدة,Asia,Western Asia,"Emirati, Emirian, Emiri","[{""tzName"": ""Gulf Standard Time"", ""zoneName"": ""Asia/Dubai"", ""gmtOffset"": 14400, ""abbreviation"": ""GST"", ""gmtOffsetName"": ""UTC+04:00""}]","{""de"": ""Vereinigte Arabische Emirate"", ""es"": ""Emiratos Árabes Unidos"", ""fa"": ""امارات متحده عربی"", ""fr"": ""Émirats arabes unis"", ""hr"": ""Ujedinjeni Arapski Emirati"", ""it"": ""Emirati Arabi Uniti"", ""ja"": ""アラブ首長国連邦"", ""ko"": ""아랍에미리트"", ""nl"": ""Verenigde Arabische Emiraten"", ""pl"": ""Zjednoczone Emiraty Arabskie"", ""pt"": ""Emirados árabes Unidos"", ""ru"": ""Объединенные Арабские Эмираты"", ""tr"": ""Birleşik Arap Emirlikleri"", ""uk"": ""Об'єднані Арабські Емірати"", ""pt-BR"": ""Emirados árabes Unidos"", ""zh-CN"": ""阿拉伯联合酋长国""}",24.00000000,54.00000000,🇦🇪,U+1F1E6 U+1F1EA,2018-07-21T12:41:03,2023-08-10T00:53:19,1,Q878,false,false
232,United Kingdom,GBR,826,GB,44,London,GBP,British pound,£,.uk,United Kingdom,Europe,Northern Europe,"British, UK","[{""tzName"": ""Greenwich Mean Time"", ""zoneName"": ""Europe/London"", ""gmtOffset"": 0, ""abbreviation"": ""GMT"", ""gmtOffsetName"": ""UTC±00""}]","{""de"": ""Vereinigtes Königreich"", ""es"": ""Reino Unido"", ""fa"": ""بریتانیای کبیر و ایرلند شمالی"", ""fr"": ""Royaume-Uni"", ""hr"": ""Ujedinjeno Kraljevstvo"", ""it"": ""Regno Unito"", ""ja"": ""イギリス"", ""ko"": ""영국"", ""nl"": ""Verenigd Koninkrijk"", ""pl"": ""Wielka Brytania"", ""pt"": ""Reino Unido"", ""ru"": ""Великобритания"", ""tr"": ""Birleşik Krallik"", ""uk"": ""Сполучене Королівство"", ""pt-BR"": ""Reino Unido"", ""zh-CN"": ""英国""}",54.00000000,-2.00000000,🇬🇧,U+1F1EC U+1F1E7,2018-07-21T12:41:03,2023-08-10T00:53:19,1,Q145,false,false
233,United States,USA,840,US,1,Washington,USD,United States dollar,$,.us,United States,Americas,Northern America,American,"[{""tzName"": ""Hawaii–Aleutian Standard Time"", ""zoneName"": ""America/Adak"", ""gmtOffset"": -36000, ""abbreviation"": ""HST"", ""gmtOffsetName"": ""UTC-10:00""}, {""tzName"": ""Alaska Standard Time"", ""zoneName"": ""America/Anchorage"", ""gmtOffset"": -32400, ""abbreviation"": ""AKST"", ""gmtOffsetName"": ""UTC-09:00""}, {""tzName"": ""Mountain Standard Time (North America"", ""zoneName"": ""America/Boise"", ""gmtOffset"": -25200, ""abbreviation"": ""MST"", ""gmtOffsetName"": ""UTC-07:00""}, {""tzName"": ""Central Standard Time (North America"", ""zoneName"": ""America/Chicago"", ""gmtOffset"": -21600, ""abbreviation"": ""CST"", ""gmtOffsetName"": ""UTC-06:00""}, {""tzName"": ""Mountain Standard Time (North America"", ""zoneName"": ""America/Denver"", ""gmtOffset"": -25200, ""abbreviation"": ""MST"", ""gmtOffsetName"": ""UTC-07:00""}, {""tzName"": ""Eastern Standard Time (North America"", ""zoneName"": ""America/Detroit"", ""gmtOffset"": -18000, ""abbreviation"": ""EST"", ""gmtOffsetName"": ""UTC-05:00""}, {""tzName"": ""Eastern Standard Time (North America"", ""zoneName"": ""America/Indiana/Indianapolis"", ""gmtOffset"": -18000, ""abbreviation"": ""EST"", ""gmtOffsetName"": ""UTC-05:00""}, {""tzName"": ""Central Standard Time (North America"", ""zoneName"": ""America/Indiana/Knox"", ""gmtOffset"": -21600, ""abbreviation"": ""CST"", ""gmtOffsetName"": ""UTC-06:00""}, {""tzName"": ""Eastern Standard Time (North America"", ""zoneName"": ""America/Indiana/Marengo"", ""gmtOffset"": -18000, ""abbreviation"": ""EST"", ""gmtOffsetName"": ""UTC-05:00""}, {""tzName"": ""Eastern Standard Time (North America"", ""zoneName"": ""America/Indiana/Petersburg"", ""gmtOffset"": -18000, ""abbreviation"": ""EST"", ""gmtOffsetName"": ""UTC-05:00""}, {""tzName"": ""Central Standard Time (North America"", ""zoneName"": ""America/Indiana/Tell_City"", ""gmtOffset"": -21600, ""abbreviation"": ""CST"", ""gmtOffsetName"": ""UTC-06:00""}, {""tzName"": ""Eastern Standard Time (North America"", ""zoneName"": ""America/Indiana/Vevay"", ""gmtOffset"": -18000, ""abbreviation"": ""EST"", ""gmtOffsetName"": ""UTC-05:00""}, {""tzName"": ""Eastern Standard Time (North America"", ""zoneName"": ""America/Indiana/Vincennes"", ""gmtOffset"": -18000, ""abbreviation"": ""EST"", ""gmtOffsetName"": ""UTC-05:00""}, {""tzName"": ""Eastern Standard Time (North America"", ""zoneName"": ""America/Indiana/Winamac"", ""gmtOffset"": -18000, ""abbreviation"": ""EST"", ""gmtOffsetName"": ""UTC-05:00""}, {""tzName"": ""Alaska Standard Time"", ""zoneName"": ""America/Juneau"", ""gmtOffset"": -32400, ""abbreviation"": ""AKST"", ""gmtOffsetName"": ""UTC-09:00""}, {""tzName"": ""Eastern Standard Time (North America"", ""zoneName"": ""America/Kentucky/Louisville"", ""gmtOffset"": -18000, ""abbreviation"": ""EST"", ""gmtOffsetName"": ""UTC-05:00""}, {""tzName"": ""Eastern Standard Time (North America"", ""zoneName"": ""America/Kentucky/Monticello"", ""gmtOffset"": -18000, ""abbreviation"": ""EST"", ""gmtOffsetName"": ""UTC-05:00""}, {""tzName"": ""Pacific Standard Time (North America"", ""zoneName"": ""America/Los_Angeles"", ""gmtOffset"": -28800, ""abbreviation"": ""PST"", ""gmtOffsetName"": ""UTC-08:00""}, {""tzName"": ""Central Standard Time (North America"", ""zoneName"": ""America/Menominee"", ""gmtOffset"": -21600, ""abbreviation"": ""CST"", ""gmtOffsetName"": ""UTC-06:00""}, {""tzName"": ""Alaska Standard Time"", ""zoneName"": ""America/Metlakatla"", ""gmtOffset"": -32400, ""abbreviation"": ""AKST"", ""gmtOffsetName"": ""UTC-09:00""}, {""tzName"": ""Eastern Standard Time (North America"", ""zoneName"": ""America/New_York"", ""gmtOffset"": -18000, ""abbreviation"": ""EST"", ""gmtOffsetName"": ""UTC-05:00""}, {""tzName"": ""Alaska Standard Time"", ""zoneName"": ""America/Nome"", ""gmtOffset"": -32400, ""abbreviation"": ""AKST"", ""gmtOffsetName"": ""UTC-09:00""}, {""tzName"": ""Central Standard Time (North America"", ""zoneName"": ""America/North_Dakota/Beulah"", ""gmtOffset"": -21600, ""abbreviation"": ""CST"", ""gmtOffsetName"": ""UTC-06:00""}, {""tzName"": ""Central Standard Time (North America"", ""zoneName"": ""America/North_Dakota/Center"", ""gmtOffset"": -21600, ""abbreviation"": ""CST"", ""gmtOffsetName"": ""UTC-06:00""}, {""tzName"": ""Central Standard Time (North America"", ""zoneName"": ""America/North_Dakota/New_Salem"", ""gmtOffset"": -21600, ""abbreviation"": ""CST"", ""gmtOffsetName"": ""UTC-06:00""}, {""tzName"": ""Mountain Standard Time (North America"", ""zoneName"": ""America/Phoenix"", ""gmtOffset"": -25200, ""abbreviation"": ""MST"", ""gmtOffsetName"": ""UTC-07:00""}, {""tzName"": ""Alaska Standard Time"", ""zoneName"": ""America/Sitka"", ""gmtOffset"": -32400, ""abbreviation"": ""AKST"", ""gmtOffsetName"": ""UTC-09:00""}, {""tzName"": ""Alaska Standard Time"", ""zoneName"": ""America/Yakutat"", ""gmtOffset"": -32400, ""abbreviation"": ""AKST"", ""gmtOffsetName"": ""UTC-09:00""}, {""tzName"": ""Hawaii–Aleutian Standard Time"", ""zoneName"": ""Pacific/Honolulu"", ""gmtOffset"": -36000, ""abbreviation"": ""HST"", ""gmtOffsetName"": ""UTC-10:00""}]","{""de"": ""Vereinigte Staaten von Amerika"", ""es"": ""Estados Unidos"", ""fa"": ""ایالات متحده آمریکا"", ""fr"": ""États-Unis"", ""hr"": ""Sjedinjene Američke Države"", ""it"": ""Stati Uniti D'America"", ""ja"": ""アメリカ合衆国"", ""ko"": ""미국"", ""nl"": ""Verenigde Staten"", ""pl"": ""Stany Zjednoczone"", ""pt"": ""Estados Unidos"", ""ru"": ""Соединенные Штаты"", ""tr"": ""Amerika"", ""uk"": ""Сполучені Штати"", ""pt-BR"": ""Estados Unidos"", ""zh-CN"": ""美国""}",38.00000000,-97.00000000,🇺🇸,U+1F1FA U+1F1F8,2018-07-21T12:41:03,2023-08-10T00:53:19,1,Q30,false,false
234,United States Minor Outlying Islands,UMI,581,UM,1,,USD,United States dollar,$,.us,United States Minor Outlying Islands,Americas,Northern America,American,"[{""tzName"": ""Samoa Standard Time"", ""zoneName"": ""Pacific/Midway"", ""gmtOffset"": -39600, ""abbreviation"": ""SST"", ""gmtOffsetName"": ""UTC-11:00""}, {""tzName"": ""Wake Island Time"", ""zoneName"": ""Pacific/Wake"", ""gmtOffset"": 43200, ""abbreviation"": ""WAKT"", ""gmtOffsetName"": ""UTC+12:00""}]","{""de"": ""Kleinere Inselbesitzungen der Vereinigten Staaten"", ""es"": ""Islas Ultramarinas Menores de Estados Unidos"", ""fa"": ""جزایر کوچک حاشیه‌ای ایالات متحده آمریکا"", ""fr"": ""Îles mineures éloignées des États-Unis"", ""hr"": ""Mali udaljeni otoci SAD-a"", ""it"": ""Isole minori esterne degli Stati Uniti d'America"", ""ja"": ""合衆国領有小離島"", ""ko"": ""미국령 군소 제도"", ""nl"": ""Kleine afgelegen eilanden van de Verenigde Staten"", ""pl"": ""Mniejsze Wyspy Zewnętrzne Stanów Zjednoczonych"", ""pt"": ""Ilhas Menores Distantes dos Estados Unidos"", ""ru"": ""Малые отдаленные острова Соединенных Штатов"", ""tr"": ""Abd Küçük Harici Adalari"", ""uk"": ""Малі віддалені острови Сполучених Штатів"", ""pt-BR"": ""Ilhas Menores Distantes dos Estados Unidos"", ""zh-CN"": ""美国本土外小岛屿""}",0E-8,0E-8,🇺🇲,U+1F1FA U+1F1F2,2018-07-21T12:41:03,2024-12-19T21:04:08,1,Q16645,false,false
235,Uruguay,URY,858,UY,598,Montevideo,UYU,Uruguayan peso,$,.uy,Uruguay,Americas,South America,Uruguayan,"[{""tzName"": ""Uruguay Standard Time"", ""zoneName"": ""America/Montevideo"", ""gmtOffset"": -10800, ""abbreviation"": ""UYT"", ""gmtOffsetName"": ""UTC-03:00""}]","{""de"": ""Uruguay"", ""es"": ""Uruguay"", ""fa"": ""اروگوئه"", ""fr"": ""Uruguay"", ""hr"": ""Urugvaj"", ""it"": ""Uruguay"", ""ja"": ""ウルグアイ"", ""ko"": ""우루과이"", ""nl"": ""Uruguay"", ""pl"": ""Urugwaj"", ""pt"": ""Uruguai"", ""ru"": ""Уругвай"", ""tr"": ""Uruguay"", ""uk"": ""Уругвай"", ""pt-BR"": ""Uruguai"", ""zh-CN"": ""乌拉圭""}",-33.00000000,-56.00000000,🇺🇾,U+1F1FA U+1F1FE,2018-07-21T12:41:03,2023-08-10T00:53:19,1,Q77,false,false
236,Uzbekistan,UZB,860,UZ,998,Tashkent,UZS,Uzbekistani soʻm,лв,.uz,O‘zbekiston,Asia,Central Asia,"Uzbekistani, Uzbek","[{""tzName"": ""Uzbekistan Time"", ""zoneName"": ""Asia/Samarkand"", ""gmtOffset"": 18000, ""abbreviation"": ""UZT"", ""gmtOffsetName"": ""UTC+05:00""}, {""tzName"": ""Uzbekistan Time"", ""zoneName"": ""Asia/Tashkent"", ""gmtOffset"": 18000, ""abbreviation"": ""UZT"", ""gmtOffsetName"": ""UTC+05:00""}]","{""de"": ""Usbekistan"", ""es"": ""Uzbekistán"", ""fa"": ""ازبکستان"", ""fr"": ""Ouzbékistan"", ""hr"": ""Uzbekistan"", ""it"": ""Uzbekistan"", ""ja"": ""ウズベキスタン"", ""ko"": ""우즈베키스탄"", ""nl"": ""Oezbekistan"", ""pl"": ""Uzbekistan"", ""pt"": ""Usbequistão"", ""ru"": ""Узбекистан"", ""tr"": ""Özbekistan"", ""uk"": ""Узбекистан"", ""pt-BR"": ""Uzbequistão"", ""zh-CN"": ""乌兹别克斯坦""}",41.00000000,64.00000000,🇺🇿,U+1F1FA U+1F1FF,2018-07-21T12:41:03,2023-08-10T00:53:19,1,Q265,false,false
237,Vanuatu,VUT,548,VU,678,Port Vila,VUV,Vanuatu vatu,VT,.vu,Vanuatu,Oceania,Melanesia,"Ni-Vanuatu, Vanuatuan","[{""tzName"": ""Vanuatu Time"", ""zoneName"": ""Pacific/Efate"", ""gmtOffset"": 39600, ""abbreviation"": ""VUT"", ""gmtOffsetName"": ""UTC+11:00""}]","{""de"": ""Vanuatu"", ""es"": ""Vanuatu"", ""fa"": ""وانواتو"", ""fr"": ""Vanuatu"", ""hr"": ""Vanuatu"", ""it"": ""Vanuatu"", ""ja"": ""バヌアツ"", ""ko"": ""바누아투"", ""nl"": ""Vanuatu"", ""pl"": ""Vanuatu"", ""pt"": ""Vanuatu"", ""ru"": ""Вануату"", ""tr"": ""Vanuatu"", ""uk"": ""Вануату"", ""pt-BR"": ""Vanuatu"", ""zh-CN"": ""瓦努阿图""}",-16.00000000,167.00000000,🇻🇺,U+1F1FB U+1F1FA,2018-07-21T12:41:03,2023-08-10T00:53:19,1,Q686,false,false
238,Vatican City State (Holy See),VAT,336,VA,379,Vatican City,EUR,Euro,€,.va,Vaticano,Europe,Southern Europe,Vatican,"[{""tzName"": ""Central European Time"", ""zoneName"": ""Europe/Vatican"", ""gmtOffset"": 3600, ""abbreviation"": ""CET"", ""gmtOffsetName"": ""UTC+01:00""}]","{""de"": ""Heiliger Stuhl"", ""es"": ""Santa Sede"", ""fa"": ""سریر مقدس"", ""fr"": ""voir Saint"", ""hr"": ""Sveta Stolica"", ""it"": ""Santa Sede"", ""ja"": ""聖座"", ""ko"": ""바티칸 시국"", ""nl"": ""Heilige Stoel"", ""pl"": ""Państwo Watykańskie (Stolica Apostolska)"", ""pt"": ""Vaticano"", ""ru"": ""Город-государство Ватикан (Святой Престол)"", ""tr"": ""Vatikan"", ""uk"": ""Держава-місто Ватикан (Святий Престол)"", ""pt-BR"": ""Vaticano"", ""zh-CN"": ""梵蒂冈""}",41.90000000,12.45000000,🇻🇦,U+1F1FB U+1F1E6,2018-07-21T12:41:03,2023-08-11T21:15:55,1,Q237,false,false
239,Venezuela,VEN,862,VE,58,Caracas,VES,Bolívar,Bs,.ve,Venezuela,Americas,South America,Venezuelan,"[{""tzName"": ""Venezuelan Standard Time"", ""zoneName"": ""America/Caracas"", ""gmtOffset"": -14400, ""abbreviation"": ""VET"", ""gmtOffsetName"": ""UTC-04:00""}]","{""de"": ""Venezuela"", ""es"": ""Venezuela"", ""fa"": ""ونزوئلا"", ""fr"": ""Venezuela"", ""hr"": ""Venezuela"", ""it"": ""Venezuela"", ""ja"": ""ベネズエラ・ボリバル共和国"", ""ko"": ""베네수엘라"", ""nl"": ""Venezuela"", ""pl"": ""Wenezuela"", ""pt"": ""Venezuela"", ""ru"": ""Венесуэла"", ""tr"": ""Venezuela"", ""uk"": ""Венесуела"", ""pt-BR"": ""Venezuela"", ""zh-CN"": ""委内瑞拉""}",8.00000000,-66.00000000,🇻🇪,U+1F1FB U+1F1EA,2018-07-21T12:41:03,2023-08-10T00:53:19,1,Q717,false,false
240,Vietnam,VNM,704,VN,84,Hanoi,VND,Vietnamese đồng,₫,.vn,Việt Nam,Asia,South-Eastern Asia,Vietnamese,"[{""tzName"": ""Indochina Time"", ""zoneName"": ""Asia/Ho_Chi_Minh"", ""gmtOffset"": 25200, ""abbreviation"": ""ICT"", ""gmtOffsetName"": ""UTC+07:00""}]","{""de"": ""Vietnam"", ""es"": ""Vietnam"", ""fa"": ""ویتنام"", ""fr"": ""Viêt Nam"", ""hr"": ""Vijetnam"", ""it"": ""Vietnam"", ""ja"": ""ベトナム"", ""ko"": ""베트남"", ""nl"": ""Vietnam"", ""pl"": ""Wietnam"", ""pt"": ""Vietname"", ""ru"": ""Вьетнам"", ""tr"": ""Vietnam"", ""uk"": ""В'єтнам"", ""pt-BR"": ""Vietnã"", ""zh-CN"": ""越南""}",16.16666666,107.83333333,🇻🇳,U+1F1FB U+1F1F3,2018-07-21T12:41:03,2023-08-10T00:53:19,1,Q881,false,false
241,Virgin Islands (British),VGB,092,VG,1,Road Town,USD,United States dollar,$,.vg,British Virgin Islands,Americas,Caribbean,British Virgin Island,"[{""tzName"": ""Atlantic Standard Time"", ""zoneName"": ""America/Tortola"", ""gmtOffset"": -14400, ""abbreviation"": ""AST"", ""gmtOffsetName"": ""UTC-04:00""}]","{""de"": ""Britische Jungferninseln"", ""es"": ""Islas Vírgenes del Reino Unido"", ""fa"": ""جزایر ویرجین بریتانیا"", ""fr"": ""Îles Vierges britanniques"", ""hr"": ""Britanski Djevičanski Otoci"", ""it"": ""Isole Vergini Britanniche"", ""ja"": ""イギリス領ヴァージン諸島"", ""ko"": ""영국령 버진아일랜드"", ""nl"": ""Britse Maagdeneilanden"", ""pl"": ""Wyspy Dziewicze (Brytyjskie)"", ""pt"": ""Ilhas Virgens Britânicas"", ""ru"": ""Виргинские острова (Британские)"", ""tr"": ""Britanya Virjin Adalari"", ""uk"": ""Віргінські острови (Британські)"", ""pt-BR"": ""Ilhas Virgens Britânicas"", ""zh-CN"": ""圣文森特和格林纳丁斯""}",18.43138300,-64.62305000,🇻🇬,U+1F1FB U+1F1EC,2018-07-21T12:41:03,2024-12-19T21:04:08,1,Q25305,false,false
242,Virgin Islands (US),VIR,850,VI,1,Charlotte Amalie,USD,United States dollar,$,.vi,United States Virgin Islands,Americas,Caribbean,U.S. Virgin Island,"[{""tzName"": ""Atlantic Standard Time"", ""zoneName"": ""America/St_Thomas"", ""gmtOffset"": -14400, ""abbreviation"": ""AST"", ""gmtOffsetName"": ""UTC-04:00""}]","{""de"": ""Amerikanische Jungferninseln"", ""es"": ""Islas Vírgenes de los Estados Unidos"", ""fa"": ""جزایر ویرجین آمریکا"", ""fr"": ""Îles Vierges des États-Unis"", ""it"": ""Isole Vergini americane"", ""ja"": ""アメリカ領ヴァージン諸島"", ""ko"": ""미국령 버진아일랜드"", ""nl"": ""Verenigde Staten Maagdeneilanden"", ""pl"": ""Wyspy Dziewicze (USA)"", ""pt"": ""Ilhas Virgens Americanas"", ""ru"": ""Виргинские острова (США)"", ""tr"": ""Abd Virjin Adalari"", ""uk"": ""Віргінські острови (США)"", ""pt-BR"": ""Ilhas Virgens Americanas"", ""zh-CN"": ""维尔京群岛（美国）""}",18.34000000,-64.93000000,🇻🇮,U+1F1FB U+1F1EE,2018-07-21T12:41:03,2024-12-19T21:04:08,1,Q11703,false,false
243,Wallis and Futuna Islands,WLF,876,WF,681,Mata Utu,XPF,CFP franc,₣,.wf,Wallis et Futuna,Oceania,Polynesia,"Wallis and Futuna, Wallisian or Futunan","[{""tzName"": ""Wallis & Futuna Time"", ""zoneName"": ""Pacific/Wallis"", ""gmtOffset"": 43200, ""abbreviation"": ""WFT"", ""gmtOffsetName"": ""UTC+12:00""}]","{""de"": ""Wallis und Futuna"", ""es"": ""Wallis y Futuna"", ""fa"": ""والیس و فوتونا"", ""fr"": ""Wallis-et-Futuna"", ""hr"": ""Wallis i Fortuna"", ""it"": ""Wallis e Futuna"", ""ja"": ""ウォリス・フツナ"", ""ko"": ""왈리스 푸투나"", ""nl"": ""Wallis en Futuna"", ""pl"": ""Wyspy Wallis i Futuna"", ""pt"": ""Wallis e Futuna"", ""ru"": ""Острова Уоллис и Футуна"", ""tr"": ""Wallis Ve Futuna"", ""uk"": ""Острови Уолліс і Футуна"", ""pt-BR"": ""Wallis e Futuna"", ""zh-CN"": ""瓦利斯群岛和富图纳群岛""}",-13.30000000,-176.20000000,🇼🇫,U+1F1FC U+1F1EB,2018-07-21T12:41:03,2024-12-19T21:04:08,1,Q35555,false,false
244,Western Sahara,ESH,732,EH,212,El-Aaiun,MAD,Moroccan dirham,MAD,.eh,الصحراء الغربية,Africa,Northern Africa,"Sahrawi, Sahrawian, Sahraouian","[{""tzName"": ""Western European Summer Time"", ""zoneName"": ""Africa/El_Aaiun"", ""gmtOffset"": 3600, ""abbreviation"": ""WEST"", ""gmtOffsetName"": ""UTC+01:00""}]","{""de"": ""Westsahara"", ""es"": ""Sahara Occidental"", ""fa"": ""جمهوری دموکراتیک عربی صحرا"", ""fr"": ""Sahara Occidental"", ""hr"": ""Zapadna Sahara"", ""it"": ""Sahara Occidentale"", ""ja"": ""西サハラ"", ""ko"": ""서사하라"", ""nl"": ""Westelijke Sahara"", ""pl"": ""Sahara Zachodnia"", ""pt"": ""Saara Ocidental"", ""ru"": ""Западная Сахара"", ""tr"": ""Bati Sahra"", ""uk"": ""Західна Сахара"", ""pt-BR"": ""Saara Ocidental"", ""zh-CN"": ""西撒哈拉""}",24.50000000,-13.00000000,🇪🇭,U+1F1EA U+1F1ED,2018-07-21T12:41:03,2024-12-23T15:33:12,1,Q6250,false,false
245,Yemen,YEM,887,YE,967,Sanaa,YER,Yemeni rial,﷼,.ye,اليَمَن,Asia,Western Asia,Yemeni,"[{""tzName"": ""Arabia Standard Time"", ""zoneName"": ""Asia/Aden"", ""gmtOffset"": 10800, ""abbreviation"": ""AST"", ""gmtOffsetName"": ""UTC+03:00""}]","{""de"": ""Jemen"", ""es"": ""Yemen"", ""fa"": ""یمن"", ""fr"": ""Yémen"", ""hr"": ""Jemen"", ""it"": ""Yemen"", ""ja"": ""イエメン"", ""ko"": ""예멘"", ""nl"": ""Jemen"", ""pl"": ""Jemen"", ""pt"": ""Iémen"", ""ru"": ""Йемен"", ""tr"": ""Yemen"", ""uk"": ""Ємен"", ""pt-BR"": ""Iêmen"", ""zh-CN"": ""也门""}",15.00000000,48.00000000,🇾🇪,U+1F1FE U+1F1EA,2018-07-21T12:41:03,2023-08-10T00:53:19,1,Q805,false,false
246,Zambia,ZMB,894,ZM,260,Lusaka,ZMW,Zambian kwacha,ZK,.zm,Zambia,Africa,Southern Africa,Zambian,"[{""tzName"": ""Central Africa Time"", ""zoneName"": ""Africa/Lusaka"", ""gmtOffset"": 7200, ""abbreviation"": ""CAT"", ""gmtOffsetName"": ""UTC+02:00""}]","{""de"": ""Sambia"", ""es"": ""Zambia"", ""fa"": ""زامبیا"", ""fr"": ""Zambie"", ""hr"": ""Zambija"", ""it"": ""Zambia"", ""ja"": ""ザンビア"", ""ko"": ""잠비아"", ""nl"": ""Zambia"", ""pl"": ""Zambia"", ""pt"": ""Zâmbia"", ""ru"": ""Замбия"", ""tr"": ""Zambiya"", ""uk"": ""Замбія"", ""pt-BR"": ""Zâmbia"", ""zh-CN"": ""赞比亚""}",-15.00000000,30.00000000,🇿🇲,U+1F1FF U+1F1F2,2018-07-21T12:41:03,2023-08-10T00:53:19,1,Q953,false,false
247,Zimbabwe,ZWE,716,ZW,263,Harare,ZWL,Zimbabwe Dollar,$,.zw,Zimbabwe,Africa,Eastern Africa,Zimbabwean,"[{""tzName"": ""Central Africa Time"", ""zoneName"": ""Africa/Harare"", ""gmtOffset"": 7200, ""abbreviation"": ""CAT"", ""gmtOffsetName"": ""UTC+02:00""}]","{""de"": ""Simbabwe"", ""es"": ""Zimbabue"", ""fa"": ""زیمباوه"", ""fr"": ""Zimbabwe"", ""hr"": ""Zimbabve"", ""it"": ""Zimbabwe"", ""ja"": ""ジンバブエ"", ""ko"": ""짐바브웨"", ""nl"": ""Zimbabwe"", ""pl"": ""Zimbabwe"", ""pt"": ""Zimbabué"", ""ru"": ""Зимбабве"", ""tr"": ""Zimbabve"", ""uk"": ""Зімбабве"", ""pt-BR"": ""Zimbabwe"", ""zh-CN"": ""津巴布韦""}",-20.00000000,30.00000000,🇿🇼,U+1F1FF U+1F1FC,2018-07-21T12:41:03,2023-08-10T00:53:19,1,Q954,false,false
248,Kosovo,XKX,926,XK,383,Pristina,EUR,Euro,€,.xk,Republika e Kosovës,Europe,Eastern Europe,"Kosovar, Kosovan","[{""tzName"": ""Central European Time"", ""zoneName"": ""Europe/Belgrade"", ""gmtOffset"": 3600, ""abbreviation"": ""CET"", ""gmtOffsetName"": ""UTC+01:00""}]","{""ko"": ""코소보"", ""pl"": ""Kosowo"", ""ru"": ""Косово"", ""tr"": ""Kosova"", ""uk"": ""Косово"", ""zh-CN"": ""科索沃""}",42.56129090,20.34030350,🇽🇰,U+1F1FD U+1F1F0,2020-08-16T08:03:50,2023-08-11T21:16:28,1,Q1246,false,false
249,Curaçao,CUW,531,CW,599,Willemstad,ANG,Netherlands Antillean guilder,ƒ,.cw,Curaçao,Americas,Caribbean,Curacaoan,"[{""tzName"": ""Atlantic Standard Time"", ""zoneName"": ""America/Curacao"", ""gmtOffset"": -14400, ""abbreviation"": ""AST"", ""gmtOffsetName"": ""UTC-04:00""}]","{""de"": ""Curaçao"", ""fa"": ""کوراسائو"", ""fr"": ""Curaçao"", ""it"": ""Curaçao"", ""ko"": ""퀴라소"", ""nl"": ""Curaçao"", ""pl"": ""Curaçao"", ""pt"": ""Curaçao"", ""ru"": ""Кюрасао"", ""tr"": ""Curaçao"", ""uk"": ""Кюрасао"", ""pt-BR"": ""Curaçao"", ""zh-CN"": ""库拉索""}",12.11666700,-68.93333300,🇨🇼,U+1F1E8 U+1F1FC,2020-10-26T07:24:20,2023-08-11T21:15:55,1,Q25279,false,false
250,Sint Maarten (Dutch part),SXM,534,SX,1721,Philipsburg,ANG,Netherlands Antillean guilder,ƒ,.sx,Sint Maarten,Americas,Caribbean,Sint Maarten,"[{""tzName"": ""Atlantic Standard Time"", ""zoneName"": ""America/Anguilla"", ""gmtOffset"": -14400, ""abbreviation"": ""AST"", ""gmtOffsetName"": ""UTC-04:00""}]","{""de"": ""Sint Maarten (niederl. Teil)"", ""fa"": ""سینت مارتن"", ""fr"": ""Saint Martin (partie néerlandaise)"", ""it"": ""Saint Martin (parte olandese)"", ""ko"": ""신트마르턴"", ""nl"": ""Sint Maarten"", ""pl"": ""Sint Maarten (część niderlandzka)"", ""pt"": ""São Martinho"", ""ru"": ""Синт-Мартен (голландская часть)"", ""tr"": ""Sint Maarten"", ""uk"": ""Сінт-Мартен (голландська частина)"", ""pt-BR"": ""Sint Maarten"", ""zh-CN"": ""圣马丁岛（荷兰部分）""}",18.03333300,-63.05000000,🇸🇽,U+1F1F8 U+1F1FD,2020-12-06T05:33:39,2023-08-10T00:53:19,1,Q26273,false,false
102,Indonesia,IDN,360,ID,62,Jakarta,IDR,Indonesian rupiah,Rp,.id,Indonesia,Asia,South-Eastern Asia,Indonesian,"[{""tzName"": ""Western Indonesian Time"", ""zoneName"": ""Asia/Jakarta"", ""gmtOffset"": 25200, ""abbreviation"": ""WIB"", ""gmtOffsetName"": ""UTC+07:00""}, {""tzName"": ""Eastern Indonesian Time"", ""zoneName"": ""Asia/Jayapura"", ""gmtOffset"": 32400, ""abbreviation"": ""WIT"", ""gmtOffsetName"": ""UTC+09:00""}, {""tzName"": ""Central Indonesia Time"", ""zoneName"": ""Asia/Makassar"", ""gmtOffset"": 28800, ""abbreviation"": ""WITA"", ""gmtOffsetName"": ""UTC+08:00""}, {""tzName"": ""Western Indonesian Time"", ""zoneName"": ""Asia/Pontianak"", ""gmtOffset"": 25200, ""abbreviation"": ""WIB"", ""gmtOffsetName"": ""UTC+07:00""}]","{""de"": ""Indonesien"", ""es"": ""Indonesia"", ""fa"": ""اندونزی"", ""fr"": ""Indonésie"", ""hr"": ""Indonezija"", ""it"": ""Indonesia"", ""ja"": ""インドネシア"", ""ko"": ""인도네시아"", ""nl"": ""Indonesië"", ""pl"": ""Indonezja"", ""pt"": ""Indonésia"", ""ru"": ""Индонезия"", ""tr"": ""Endonezya"", ""uk"": ""Індонезія"", ""pt-BR"": ""Indonésia"", ""zh-CN"": ""印度尼西亚""}",-5.00000000,120.00000000,🇮🇩,U+1F1EE U+1F1E9,2018-07-21T12:41:03,2025-08-11T07:09:24.104668,1,Q252,true,false
174,Philippines,PHL,608,PH,63,Manila,PHP,Philippine peso,₱,.ph,Pilipinas,Asia,South-Eastern Asia,"Philippine, Filipino","[{""tzName"": ""Philippine Time"", ""zoneName"": ""Asia/Manila"", ""gmtOffset"": 28800, ""abbreviation"": ""PHT"", ""gmtOffsetName"": ""UTC+08:00""}]","{""de"": ""Philippinen"", ""es"": ""Filipinas"", ""fa"": ""جزایر الندفیلیپین"", ""fr"": ""Philippines"", ""hr"": ""Filipini"", ""it"": ""Filippine"", ""ja"": ""フィリピン"", ""ko"": ""필리핀"", ""nl"": ""Filipijnen"", ""pl"": ""Filipiny"", ""pt"": ""Filipinas"", ""ru"": ""Филиппины"", ""tr"": ""Filipinler"", ""uk"": ""Філіппіни"", ""pt-BR"": ""Filipinas"", ""zh-CN"": ""菲律宾""}",13.00000000,122.00000000,🇵🇭,U+1F1F5 U+1F1ED,2018-07-21T12:41:03,2025-08-11T07:09:24.126553,1,Q928,true,false
